    Year,Season,ranker,player,games,games_started,mp_per_g,fg_per_g,fga_per_g,fg_pct,fg2_per_g,fg2a_per_g,fg2_pct,fg3_per_g,fg3a_per_g,fg3_pct,ft_per_g,fta_per_g,ft_pct,orb_per_g,drb_per_g,trb_per_g,ast_per_g,stl_per_g,blk_per_g,tov_per_g,pf_per_g,pts_per_g
    2024,2023-2024,1,Kyle Filipowski,36,36,30.4,6.1,12.1,.505,5.0,9.0,.559,1.1,3.1,.348,3.1,4.6,.671,2.2,6.1,8.3,2.8,1.1,1.5,2.1,3.0,16.4
2024,2023-2024,2,Jared McCain,36,36,31.6,4.9,10.5,.462,2.4,4.7,.521,2.4,5.8,.414,2.1,2.4,.885,0.8,4.2,5.0,1.9,1.1,0.1,1.3,1.6,14.3
2024,2023-2024,3,Jeremy Roach,35,33,32.7,4.7,10.1,.468,3.2,6.5,.489,1.5,3.6,.429,2.9,3.5,.844,0.6,1.9,2.5,3.3,1.1,0.1,1.4,2.1,14.0
2024,2023-2024,4,Mark Mitchell,33,32,28.6,4.1,7.6,.540,3.8,6.4,.590,0.3,1.2,.275,3.0,4.8,.623,2.2,3.7,6.0,1.1,0.8,0.7,1.2,1.6,11.6
2024,2023-2024,5,Tyrese Proctor,32,25,30.4,3.8,8.9,.423,1.9,3.7,.521,1.8,5.2,.352,1.2,1.5,.755,0.1,2.9,3.0,3.7,0.7,0.1,1.3,1.6,10.5
2024,2023-2024,6,Caleb Foster,27,15,25.4,2.7,6.2,.437,1.7,3.6,.459,1.0,2.6,.406,1.2,1.8,.688,0.4,2.0,2.4,2.1,0.6,0.1,1.1,2.0,7.7
2024,2023-2024,7,Ryan Young,36,2,11.8,1.1,1.9,.582,1.1,1.8,.591,0.0,0.0,.000,0.6,1.0,.629,1.4,2.1,3.4,0.8,0.3,0.5,0.8,1.8,2.8
2024,2023-2024,8,Sean Stewart,33,0,8.3,1.1,1.9,.571,1.1,1.9,.571,0.0,0.0,,0.5,0.8,.536,1.3,1.8,3.2,0.2,0.5,0.5,0.4,1.5,2.6
2024,2023-2024,9,TJ Power,26,0,7.0,0.7,2.0,.333,0.1,0.3,.222,0.6,1.6,.357,0.2,0.3,.857,0.2,0.5,0.7,0.2,0.2,0.1,0.2,0.5,2.1
2024,2023-2024,10,Jaylen Blakes,31,1,9.2,0.6,1.5,.400,0.4,0.8,.500,0.2,0.6,.263,0.5,0.5,.941,0.2,0.6,0.8,0.4,0.7,0.2,0.3,1.0,1.8
2024,2023-2024,11,Christian Reeves,3,0,5.3,0.7,1.0,.667,0.7,1.0,.667,0.0,0.0,,0.3,0.7,.500,0.3,1.3,1.7,0.0,0.0,0.3,0.7,1.0,1.7
2024,2023-2024,12,Spencer Hubbard,10,0,2.2,0.2,0.6,.333,0.1,0.2,.500,0.1,0.4,.250,0.1,0.2,.500,0.0,0.3,0.3,0.2,0.0,0.0,0.1,0.8,0.6
2024,2023-2024,13,Neal Begovich,8,0,2.1,0.0,0.5,.000,0.0,0.1,.000,0.0,0.4,.000,0.3,0.3,1.000,0.1,0.4,0.5,0.0,0.0,0.0,0.0,0.0,0.3
2023,2022-2023,1,Kyle Filipowski,36,36,29.1,5.3,11.9,.441,4.3,8.5,.505,1.0,3.4,.282,3.6,4.7,.765,2.5,6.5,9.0,1.6,1.3,0.7,2.5,2.6,15.1
2023,2022-2023,2,Jeremy Roach,32,30,33.2,5.0,11.6,.427,3.5,7.4,.475,1.4,4.2,.343,2.2,2.8,.780,0.7,1.8,2.5,3.1,0.9,0.0,2.2,1.8,13.6
2023,2022-2023,3,Tyrese Proctor,36,34,29.4,3.2,8.4,.381,1.9,4.3,.439,1.3,4.1,.320,1.7,1.9,.871,0.5,2.6,3.1,3.3,0.6,0.1,1.6,1.6,9.4
2023,2022-2023,4,Mark Mitchell,35,35,27.1,3.3,6.9,.469,2.7,5.4,.503,0.5,1.5,.352,2.0,2.7,.763,1.3,3.2,4.5,1.2,0.6,0.5,1.3,1.0,9.1
2023,2022-2023,5,Dariq Whitehead,28,7,20.6,3.0,7.0,.421,1.5,3.5,.414,1.5,3.5,.429,0.8,1.0,.793,0.5,2.0,2.4,1.0,0.8,0.2,1.4,1.5,8.3
2023,2022-2023,6,Ryan Young,36,9,17.6,2.5,3.6,.685,2.5,3.6,.685,0.0,0.0,,1.4,1.8,.813,2.3,3.2,5.5,1.3,0.3,0.5,1.1,2.1,6.4
2023,2022-2023,7,Dereck Lively,34,27,20.6,2.3,3.4,.658,2.2,3.1,.721,0.1,0.4,.154,0.6,1.0,.600,2.1,3.3,5.4,1.1,0.5,2.4,0.7,2.7,5.2
2023,2022-2023,8,Jacob Grandison,36,0,15.9,1.5,3.8,.401,0.6,1.2,.548,0.9,2.6,.337,0.4,0.5,.889,0.4,1.6,2.0,1.3,0.4,0.1,0.5,1.0,4.4
2023,2022-2023,9,Jaylen Blakes,32,2,13.2,1.0,2.9,.355,0.6,1.5,.367,0.5,1.4,.341,0.8,1.2,.649,0.3,1.2,1.5,1.3,0.6,0.2,0.6,1.3,3.3
2023,2022-2023,10,Jaden Schutt,14,0,6.9,0.7,2.0,.357,0.2,0.6,.375,0.5,1.4,.350,0.1,0.3,.500,0.2,0.9,1.1,0.4,0.1,0.1,0.0,0.3,2.1
2023,2022-2023,11,Christian Reeves,13,0,3.2,0.6,0.8,.727,0.6,0.8,.727,0.0,0.0,,0.3,0.5,.667,0.7,0.2,0.9,0.1,0.1,0.0,0.2,0.3,1.5
2023,2022-2023,12,Kale Catchings,10,0,3.3,0.4,0.9,.444,0.4,0.8,.500,0.0,0.1,.000,0.0,0.3,.000,0.4,0.4,0.8,0.2,0.1,0.1,0.1,0.3,0.8
2023,2022-2023,13,Stanley Borden,1,0,2.0,0.0,0.0,,0.0,0.0,,0.0,0.0,,0.0,0.0,,0.0,1.0,1.0,0.0,0.0,0.0,0.0,0.0,0.0
2023,2022-2023,14,Spencer Hubbard,3,0,3.0,0.0,0.7,.000,0.0,0.3,.000,0.0,0.3,.000,0.0,0.0,,0.0,0.3,0.3,0.0,0.3,0.0,0.7,0.7,0.0
2023,2022-2023,15,Max Johns,9,0,2.9,0.0,0.2,.000,0.0,0.2,.000,0.0,0.0,,0.0,0.0,,0.1,0.3,0.4,0.2,0.2,0.0,0.2,0.2,0.0
2022,2021-2022,1,Paolo Banchero,39,39,33.0,6.3,13.2,.478,5.2,9.8,.525,1.1,3.3,.338,3.5,4.8,.729,1.7,6.1,7.8,3.2,1.1,0.9,2.4,1.9,17.2
2022,2021-2022,2,Wendell Moore,39,39,33.9,4.8,9.6,.500,3.5,6.4,.544,1.3,3.2,.413,2.4,3.0,.805,1.2,4.1,5.3,4.4,1.4,0.2,1.9,1.6,13.4
2022,2021-2022,3,Trevor Keels,36,26,30.2,4.1,9.8,.419,2.6,4.9,.522,1.5,4.8,.312,1.8,2.7,.670,0.8,2.6,3.4,2.7,1.2,0.1,1.3,1.3,11.5
2022,2021-2022,4,Mark Williams,39,39,23.6,4.9,6.8,.721,4.9,6.8,.723,0.0,0.0,.000,1.4,2.0,.727,2.6,4.8,7.4,0.9,0.5,2.8,0.9,2.1,11.2
2022,2021-2022,5,AJ Griffin,39,25,24.0,3.7,7.6,.493,1.9,3.5,.547,1.8,4.1,.447,1.1,1.4,.792,0.8,3.2,3.9,1.0,0.5,0.6,0.6,1.1,10.4
2022,2021-2022,6,Jeremy Roach,39,27,29.4,3.0,7.4,.410,2.0,4.3,.473,1.0,3.1,.322,1.6,2.1,.763,0.3,2.1,2.4,3.2,0.8,0.1,1.6,2.2,8.6
2022,2021-2022,7,Joey Baker,34,0,11.9,1.5,3.5,.432,0.6,1.3,.477,0.9,2.2,.405,0.6,0.8,.778,0.3,0.9,1.2,0.4,0.4,0.0,0.5,1.2,4.5
2022,2021-2022,8,Theo John,38,0,11.3,1.2,2.0,.605,1.2,1.9,.622,0.0,0.1,.000,0.4,0.6,.625,0.9,1.6,2.5,0.4,0.4,0.9,0.4,1.9,2.8
2022,2021-2022,9,Bates Jones,27,0,5.3,0.5,1.3,.382,0.1,0.2,.800,0.3,1.1,.310,0.1,0.1,1.000,0.5,0.6,1.1,0.4,0.1,0.1,0.2,0.4,1.4
2022,2021-2022,10,Michael Savarino,11,0,2.3,0.4,0.9,.400,0.0,0.1,.000,0.4,0.8,.444,0.0,0.0,,0.1,0.4,0.5,0.0,0.1,0.0,0.1,0.1,1.1
2022,2021-2022,11,Jaylen Blakes,21,0,4.5,0.4,1.3,.286,0.1,0.5,.273,0.2,0.8,.294,0.0,0.0,.000,0.2,0.5,0.7,0.5,0.2,0.0,0.4,0.5,1.0
2022,2021-2022,12,Spencer Hubbard,3,0,2.0,0.0,0.0,,0.0,0.0,,0.0,0.0,,0.3,0.7,.500,0.0,0.3,0.3,0.0,0.0,0.0,0.0,0.3,0.3
2022,2021-2022,13,Keenan Worthington,9,0,2.7,0.1,0.2,.500,0.1,0.2,.500,0.0,0.0,,0.1,0.4,.250,0.4,0.9,1.3,0.0,0.0,0.0,0.0,0.2,0.3
2022,2021-2022,14,Stanley Borden,1,0,1.0,0.0,0.0,,0.0,0.0,,0.0,0.0,,0.0,0.0,,1.0,0.0,1.0,0.0,0.0,0.0,0.0,0.0,0.0
2021,2020-2021,1,Matthew Hurt,24,23,32.7,6.8,12.3,.556,4.5,7.0,.639,2.3,5.3,.444,2.3,3.2,.724,1.5,4.7,6.2,1.4,0.8,0.7,1.2,3.2,18.3
2021,2020-2021,2,DJ Steward,24,22,30.8,4.7,11.0,.426,2.9,5.8,.504,1.8,5.3,.341,1.8,2.2,.811,1.2,2.7,3.9,2.4,1.1,0.6,2.0,1.2,13.0
2021,2020-2021,3,Jalen Johnson,13,8,21.4,4.4,8.4,.523,3.8,7.0,.538,0.6,1.4,.444,1.8,2.9,.632,1.5,4.5,6.1,2.2,1.2,1.2,2.5,2.2,11.2
2021,2020-2021,4,Wendell Moore,24,18,27.6,3.6,8.6,.417,2.7,5.5,.481,0.9,3.0,.301,1.6,1.9,.848,1.2,3.5,4.8,2.7,1.2,0.2,2.0,2.4,9.7
2021,2020-2021,5,Jeremy Roach,24,18,27.4,3.3,7.1,.456,2.2,3.7,.591,1.1,3.5,.313,1.1,1.7,.675,0.6,1.6,2.2,2.8,0.8,0.0,2.0,2.7,8.7
2021,2020-2021,6,Mark Williams,23,15,15.2,3.1,4.7,.664,3.1,4.7,.664,0.0,0.0,,1.0,1.8,.537,1.9,2.6,4.5,0.7,0.6,1.4,0.9,1.5,7.1
2021,2020-2021,7,Jordan Goldwire,24,12,28.5,2.2,5.8,.379,1.4,3.5,.410,0.8,2.4,.333,0.6,0.8,.737,0.8,2.1,2.9,4.0,2.2,0.1,1.4,2.2,5.8
2021,2020-2021,8,Jaemyn Brakefield,22,2,12.5,1.4,3.5,.408,0.9,1.9,.488,0.5,1.6,.314,0.2,0.5,.417,0.7,1.9,2.5,0.5,0.4,0.4,0.5,1.2,3.5
2021,2020-2021,9,Joey Baker,23,1,11.5,1.0,3.1,.310,0.3,0.9,.300,0.7,2.2,.314,0.3,0.3,.750,0.3,0.9,1.2,0.4,0.3,0.3,0.8,1.0,2.9
2021,2020-2021,10,Keenan Worthington,2,0,2.5,0.5,1.0,.500,0.5,1.0,.500,0.0,0.0,,0.5,1.0,.500,1.0,0.0,1.0,0.0,0.0,0.0,0.0,0.0,1.5
2021,2020-2021,11,Henry Coleman,19,0,5.0,0.5,1.1,.500,0.5,1.0,.526,0.0,0.1,.000,0.1,0.3,.200,0.7,0.7,1.4,0.2,0.2,0.3,0.3,0.3,1.1
2021,2020-2021,12,Patrick Tape,10,1,4.5,0.5,1.3,.385,0.5,1.3,.385,0.0,0.0,,0.1,0.4,.250,0.6,0.5,1.1,0.3,0.5,0.2,0.4,1.1,1.1
2021,2020-2021,13,Mike Buckmire,4,0,1.3,0.3,0.8,.333,0.3,0.8,.333,0.0,0.0,,0.0,0.0,,0.3,0.0,0.3,0.0,0.0,0.0,0.3,0.0,0.5
2021,2020-2021,14,Michael Savarino,2,0,2.0,0.0,0.5,.000,0.0,0.0,,0.0,0.5,.000,0.5,1.0,.500,0.5,0.0,0.5,0.5,0.0,0.0,0.0,0.5,0.5
2020,2019-2020,1,Vernon Carey,31,30,24.9,6.4,11.1,.577,6.2,10.5,.590,0.3,0.7,.381,4.7,7.0,.670,2.7,6.1,8.8,1.0,0.7,1.6,2.0,2.7,17.8
2020,2019-2020,2,Tre Jones,29,29,35.4,5.6,13.2,.423,4.2,9.5,.447,1.3,3.7,.361,3.7,4.8,.771,0.7,3.6,4.2,6.4,1.8,0.3,2.7,1.8,16.2
2020,2019-2020,3,Cassius Stanley,29,29,27.4,4.4,9.3,.474,3.3,6.3,.527,1.1,3.0,.360,2.7,3.6,.733,1.9,3.0,4.9,1.0,0.7,0.7,1.9,2.2,12.6
2020,2019-2020,4,Matthew Hurt,31,22,20.5,3.5,7.3,.487,2.2,3.8,.571,1.4,3.5,.393,1.3,1.7,.741,1.5,2.2,3.8,0.9,0.5,0.7,0.9,1.9,9.7
2020,2019-2020,5,Wendell Moore,25,11,24.0,2.6,6.2,.416,2.4,5.4,.444,0.2,0.8,.211,2.2,2.7,.806,1.6,2.6,4.2,1.9,0.9,0.2,2.4,2.1,7.4
2020,2019-2020,6,Alex O'Connell,29,6,13.3,2.1,5.1,.405,1.3,2.4,.549,0.7,2.7,.273,0.4,0.7,.579,0.6,1.7,2.2,0.8,0.8,0.1,0.7,0.7,5.2
2020,2019-2020,7,Joey Baker,28,3,12.1,1.8,4.4,.410,0.8,1.8,.431,1.0,2.5,.394,0.4,0.4,.917,0.1,0.8,0.9,0.8,0.5,0.2,0.5,1.7,5.0
2020,2019-2020,8,Jordan Goldwire,31,15,24.1,1.9,3.8,.487,1.3,2.3,.577,0.5,1.5,.354,0.5,0.7,.636,0.6,1.9,2.5,2.3,1.5,0.2,0.9,1.5,4.7
2020,2019-2020,9,Javin DeLaurier,31,2,13.2,1.3,2.4,.554,1.3,2.2,.588,0.0,0.2,.167,0.8,1.3,.667,1.2,2.4,3.5,0.5,0.6,0.9,0.7,2.3,3.5
2020,2019-2020,10,Jack White,30,7,15.6,1.0,2.7,.388,0.5,0.9,.500,0.6,1.7,.327,0.4,0.6,.722,0.8,2.1,2.9,0.8,0.7,0.7,0.7,1.4,3.1
2020,2019-2020,11,Justin Robinson,15,1,6.8,1.1,2.1,.516,0.5,0.7,.700,0.6,1.4,.429,0.1,0.1,.500,0.5,1.0,1.5,0.5,0.3,1.1,0.2,1.2,2.8
2020,2019-2020,12,Mike Buckmire,8,0,2.0,0.1,0.6,.200,0.1,0.5,.250,0.0,0.1,.000,0.0,0.0,,0.1,0.8,0.9,0.1,0.0,0.0,0.1,0.0,0.3
2020,2019-2020,13,Michael Savarino,0,0,,,,,,,,,,,,,,,,,,,,,,
2020,2019-2020,14,Keenan Worthington,0,0,,,,,,,,,,,,,,,,,,,,,,
2019,2018-2019,1,R.J. Barrett,38,38,35.3,8.4,18.5,.454,6.5,12.2,.529,1.9,6.2,.308,3.9,5.9,.665,1.6,6.0,7.6,4.3,0.9,0.4,3.2,1.8,22.6
2019,2018-2019,2,Zion Williamson,33,33,30.0,9.0,13.2,.680,8.2,11.0,.747,0.7,2.2,.338,3.9,6.2,.640,3.5,5.4,8.9,2.1,2.1,1.8,2.4,2.1,22.6
2019,2018-2019,3,Cam Reddish,36,35,29.7,4.3,12.0,.356,1.8,4.6,.394,2.5,7.4,.333,2.4,3.2,.772,0.6,3.1,3.7,1.9,1.6,0.6,2.7,2.4,13.5
2019,2018-2019,4,Tre Jones,36,36,34.2,3.7,8.9,.414,2.9,6.0,.486,0.8,2.9,.262,1.3,1.7,.758,0.9,2.9,3.8,5.3,1.9,0.2,1.5,1.6,9.4
2019,2018-2019,5,Marques Bolden,35,21,19.0,1.9,3.3,.579,1.9,3.1,.617,0.0,0.2,.000,1.5,2.1,.726,1.9,2.5,4.5,0.5,0.5,1.7,0.7,2.1,5.3
2019,2018-2019,6,Alex O'Connell,36,7,14.0,1.5,3.4,.447,0.7,1.2,.581,0.8,2.2,.375,0.5,0.7,.760,0.4,1.4,1.9,0.6,0.6,0.0,0.8,0.5,4.4
2019,2018-2019,7,Jack White,35,3,20.5,1.3,3.7,.359,0.6,1.0,.588,0.8,2.8,.278,0.7,0.8,.852,1.3,3.4,4.7,0.7,0.6,1.1,0.7,1.8,4.1
2019,2018-2019,8,Javin DeLaurier,38,16,16.3,1.6,2.1,.747,1.6,2.1,.756,0.0,0.0,.000,0.7,1.3,.560,1.7,2.6,4.4,0.4,0.9,1.3,0.8,2.7,3.8
2019,2018-2019,9,Antonio Vrankovic,17,1,5.2,0.4,0.8,.500,0.4,0.8,.500,0.0,0.0,,0.5,0.9,.563,0.8,0.5,1.3,0.4,0.1,0.3,0.2,0.9,1.4
2019,2018-2019,10,Justin Robinson,17,0,3.4,0.5,0.8,.615,0.2,0.2,1.000,0.2,0.5,.444,0.0,0.1,.000,0.1,0.4,0.5,0.1,0.1,0.2,0.2,0.4,1.2
2019,2018-2019,11,Brennan Besser,4,0,3.0,0.3,1.5,.167,0.3,0.5,.500,0.0,1.0,.000,0.5,0.5,1.000,0.5,0.3,0.8,0.3,0.0,0.0,0.3,0.3,1.0
2019,2018-2019,12,Jordan Goldwire,35,0,8.6,0.3,1.3,.273,0.3,0.5,.474,0.1,0.7,.120,0.1,0.2,.500,0.2,0.6,0.8,0.7,0.6,0.0,0.3,0.9,0.9
2019,2018-2019,13,Joey Baker,4,0,4.5,0.3,1.0,.250,0.0,0.5,.000,0.3,0.5,.500,0.0,0.0,,0.5,0.5,1.0,0.0,0.0,0.3,0.5,1.3,0.8
2019,2018-2019,14,Mike Buckmire,4,0,3.3,0.0,0.5,.000,0.0,0.5,.000,0.0,0.0,,0.0,0.0,,0.5,0.5,1.0,0.3,0.0,0.0,0.3,0.0,0.0
2018,2017-2018,1,Marvin Bagley,33,32,33.9,8.2,13.3,.614,7.5,11.6,.647,0.7,1.8,.397,4.0,6.3,.627,4.0,7.1,11.1,1.5,0.8,0.9,2.3,1.8,21.0
2018,2017-2018,2,Grayson Allen,37,37,35.6,4.9,11.7,.418,2.1,4.2,.503,2.8,7.5,.370,2.9,3.4,.850,0.5,2.8,3.3,4.6,1.7,0.1,2.1,2.1,15.5
2018,2017-2018,3,Gary Trent,37,37,33.9,4.8,11.5,.415,2.2,5.0,.430,2.6,6.5,.402,2.3,2.6,.876,0.8,3.4,4.2,1.4,1.2,0.1,1.0,1.7,14.5
2018,2017-2018,4,Wendell Carter,37,37,26.9,4.8,8.6,.561,4.3,7.4,.586,0.5,1.2,.413,3.4,4.5,.738,2.9,6.1,9.1,2.0,0.8,2.1,2.0,2.8,13.5
2018,2017-2018,5,Trevon Duval,37,34,29.8,4.0,9.4,.428,3.2,6.5,.490,0.8,2.9,.290,1.4,2.4,.596,0.5,1.4,2.0,5.6,1.5,0.1,2.8,2.4,10.3
2018,2017-2018,6,Marques Bolden,29,2,12.9,1.7,2.7,.615,1.7,2.7,.615,0.0,0.0,,0.6,0.9,.593,1.3,2.3,3.6,0.6,0.3,1.0,0.6,1.4,3.9
2018,2017-2018,7,Javin DeLaurier,33,5,12.7,1.4,2.1,.643,1.3,1.9,.710,0.0,0.2,.125,0.6,1.2,.553,1.6,2.3,4.0,0.5,0.6,0.6,0.7,2.2,3.4
2018,2017-2018,8,Alex O'Connell,36,1,10.4,1.2,2.4,.477,0.6,1.2,.465,0.6,1.3,.489,0.4,0.5,.737,0.5,0.9,1.4,0.5,0.3,0.1,0.4,0.4,3.3
2018,2017-2018,9,Jordan Tucker,2,0,7.0,1.0,2.0,.500,0.5,1.0,.500,0.5,1.0,.500,0.5,1.0,.500,0.0,0.5,0.5,0.0,0.0,0.0,1.0,0.0,3.0
2018,2017-2018,10,Justin Robinson,17,0,4.8,0.5,1.1,.421,0.1,0.1,1.000,0.4,1.0,.353,0.1,0.2,.250,0.0,0.6,0.6,0.1,0.0,0.5,0.3,0.4,1.4
2018,2017-2018,11,Jordan Goldwire,26,0,6.5,0.3,1.1,.321,0.2,0.3,.444,0.2,0.7,.263,0.1,0.2,.750,0.1,0.3,0.5,0.9,0.3,0.0,0.3,0.7,1.0
2018,2017-2018,12,Antonio Vrankovic,14,0,4.7,0.4,0.9,.500,0.4,0.9,.500,0.0,0.0,,0.1,0.3,.500,0.4,0.7,1.1,0.5,0.0,0.1,0.3,0.8,1.0
2018,2017-2018,13,Mike Buckmire,4,0,1.3,0.3,0.5,.500,0.3,0.5,.500,0.0,0.0,,0.3,0.3,1.000,0.0,0.5,0.5,0.3,0.0,0.0,0.0,0.3,0.8
2018,2017-2018,14,Jack White,28,0,5.7,0.3,0.8,.409,0.3,0.4,.700,0.1,0.4,.167,0.1,0.1,1.000,0.4,1.1,1.5,0.3,0.3,0.2,0.3,0.4,0.8
2017,2016-2017,1,Luke Kennard,37,36,35.5,6.4,13.1,.489,4.0,7.7,.525,2.4,5.4,.438,4.3,5.1,.856,1.2,3.9,5.1,2.5,0.8,0.4,1.6,2.2,19.5
2017,2016-2017,2,Jayson Tatum,29,27,33.3,5.7,12.6,.452,4.3,8.6,.504,1.4,4.0,.342,4.1,4.8,.849,1.3,6.0,7.3,2.1,1.3,1.1,2.6,3.0,16.8
2017,2016-2017,3,Grayson Allen,34,25,29.6,4.1,10.5,.395,1.8,4.0,.444,2.4,6.5,.365,3.8,4.7,.811,0.7,3.1,3.7,3.5,0.8,0.1,2.2,2.3,14.5
2017,2016-2017,4,Frank Jackson,36,16,24.9,3.7,7.8,.473,2.3,4.2,.539,1.4,3.6,.395,2.1,2.8,.755,0.6,1.9,2.5,1.7,0.6,0.1,1.4,2.4,10.9
2017,2016-2017,5,Amile Jefferson,35,35,29.7,4.2,6.8,.613,4.2,6.8,.613,0.0,0.0,,2.6,4.1,.629,2.4,6.0,8.4,1.5,0.7,1.9,1.4,2.7,10.9
2017,2016-2017,6,Matt Jones,37,33,32.9,2.6,6.4,.399,1.2,2.5,.489,1.4,3.9,.342,0.5,0.7,.731,1.0,1.8,2.8,1.9,1.7,0.2,1.1,2.3,7.0
2017,2016-2017,7,Harry Giles,26,6,11.5,1.7,3.0,.577,1.7,3.0,.577,0.0,0.0,,0.5,0.9,.500,1.6,2.3,3.8,0.3,0.3,0.7,0.7,2.2,3.9
2017,2016-2017,8,Chase Jeter,16,6,14.9,0.8,1.6,.500,0.8,1.6,.500,0.0,0.0,,0.9,1.7,.556,1.1,1.6,2.7,0.4,0.4,1.1,1.1,1.9,2.6
2017,2016-2017,9,Antonio Vrankovic,13,0,7.8,1.0,1.5,.684,1.0,1.5,.684,0.0,0.0,,0.5,0.8,.636,1.2,1.4,2.6,0.4,0.0,0.3,0.5,1.2,2.5
2017,2016-2017,10,Jack White,10,0,6.1,0.6,0.9,.667,0.5,0.7,.714,0.1,0.2,.500,0.8,1.0,.800,0.2,1.1,1.3,0.1,0.1,0.2,0.4,0.5,2.1
2017,2016-2017,11,Javin DeLaurier,12,0,7.2,0.8,0.9,.818,0.8,0.8,.900,0.0,0.1,.000,0.1,0.3,.250,0.7,1.3,1.9,0.1,0.3,0.3,0.7,1.8,1.6
2017,2016-2017,12,Marques Bolden,24,1,6.5,0.7,1.5,.457,0.7,1.5,.457,0.0,0.0,,0.2,0.3,.625,0.6,0.5,1.1,0.1,0.1,0.3,0.5,1.3,1.5
2017,2016-2017,13,Justin Robinson,6,0,1.7,0.0,0.0,,0.0,0.0,,0.0,0.0,,0.2,0.3,.500,0.0,0.2,0.2,0.0,0.0,0.0,0.0,0.0,0.2
2017,2016-2017,14,Brennan Besser,1,0,2.0,0.0,1.0,.000,0.0,0.0,,0.0,1.0,.000,0.0,0.0,,0.0,0.0,0.0,0.0,0.0,0.0,0.0,1.0,0.0
2017,2016-2017,15,Nick Pagliuca,5,0,1.6,0.0,0.4,.000,0.0,0.0,,0.0,0.4,.000,0.0,0.0,,0.0,0.0,0.0,0.4,0.0,0.0,0.0,0.0,0.0
2016,2015-2016,1,Grayson Allen,36,35,36.6,6.6,14.3,.466,4.1,8.3,.502,2.5,6.0,.417,5.9,7.0,.837,0.7,3.9,4.6,3.5,1.3,0.1,2.0,2.7,21.6
2016,2015-2016,2,Brandon Ingram,36,34,34.6,5.9,13.4,.442,3.7,8.0,.464,2.2,5.4,.410,3.2,4.7,.682,1.9,4.9,6.8,2.0,1.1,1.4,2.0,2.1,17.3
2016,2015-2016,3,Luke Kennard,36,11,26.7,3.9,9.3,.421,2.4,4.5,.528,1.5,4.8,.320,2.4,2.8,.889,1.0,2.6,3.6,1.5,0.9,0.2,0.8,1.9,11.8
2016,2015-2016,4,Amile Jefferson,9,9,30.3,4.6,6.7,.683,4.6,6.7,.683,0.0,0.0,,2.3,4.2,.553,4.8,5.6,10.3,1.4,1.0,1.1,1.7,2.6,11.4
2016,2015-2016,5,Matt Jones,35,35,31.8,3.5,8.7,.408,1.4,3.5,.397,2.2,5.2,.415,1.1,1.5,.736,1.0,1.5,2.5,2.3,1.0,0.2,1.1,2.6,10.4
2016,2015-2016,6,Marshall Plumlee,36,36,30.5,2.9,4.3,.688,2.9,4.3,.688,0.0,0.0,,2.4,4.3,.575,3.3,5.3,8.6,1.1,0.8,1.6,1.1,2.8,8.3
2016,2015-2016,7,Derryck Thornton,36,20,26.0,2.6,6.7,.390,1.9,4.4,.424,0.8,2.3,.325,1.1,1.6,.690,0.3,1.6,1.8,2.5,0.8,0.2,1.6,2.1,7.1
2016,2015-2016,8,Chase Jeter,32,0,7.9,0.7,1.2,.553,0.7,1.2,.553,0.0,0.0,,0.6,1.2,.541,0.8,1.1,1.9,0.1,0.1,0.3,0.6,1.8,1.9
2016,2015-2016,9,Antonio Vrankovic,5,0,2.8,0.4,0.4,1.000,0.4,0.4,1.000,0.0,0.0,,0.0,0.0,,0.4,1.0,1.4,0.0,0.2,0.2,0.6,0.6,0.8
2016,2015-2016,10,Sean Obi,10,0,2.7,0.1,0.2,.500,0.1,0.2,.500,0.0,0.0,,0.3,0.6,.500,0.6,0.4,1.0,0.0,0.0,0.1,0.2,0.8,0.5
2016,2015-2016,11,Brennan Besser,1,0,1.0,0.0,1.0,.000,0.0,0.0,,0.0,1.0,.000,0.0,0.0,,0.0,0.0,0.0,0.0,0.0,0.0,0.0,0.0,0.0
2016,2015-2016,12,Nick Pagliuca,10,0,1.0,0.0,0.1,.000,0.0,0.0,,0.0,0.1,.000,0.0,0.0,,0.1,0.3,0.4,0.0,0.1,0.0,0.1,0.1,0.0
2015,2014-2015,1,Jahlil Okafor,38,38,30.1,7.3,11.1,.664,7.3,11.1,.664,0.0,0.0,,2.6,5.1,.510,3.5,4.9,8.5,1.3,0.8,1.4,2.5,2.1,17.3
2015,2014-2015,2,Quinn Cook,39,39,35.8,5.1,11.3,.453,2.5,4.6,.536,2.6,6.6,.395,2.5,2.8,.891,0.4,3.0,3.4,2.6,1.0,0.0,1.2,1.9,15.3
2015,2014-2015,3,Justise Winslow,39,39,29.1,4.4,9.1,.486,3.3,6.3,.516,1.2,2.8,.418,2.6,4.0,.641,1.3,5.2,6.5,2.1,1.3,0.9,1.8,2.8,12.6
2015,2014-2015,4,Tyus Jones,39,39,33.9,3.5,8.3,.417,2.3,5.1,.440,1.2,3.2,.379,3.7,4.2,.889,0.5,3.0,3.5,5.6,1.5,0.1,1.9,1.2,11.8
2015,2014-2015,5,Rasheed Sulaimon,20,0,19.3,2.6,6.3,.413,1.5,3.5,.420,1.2,2.9,.404,1.1,1.7,.667,0.2,1.8,2.0,1.8,1.0,0.1,1.3,2.0,7.5
2015,2014-2015,6,Amile Jefferson,39,26,21.3,2.4,3.8,.631,2.4,3.8,.631,0.0,0.0,,1.3,2.4,.554,2.3,3.5,5.8,0.8,0.6,0.7,1.1,1.9,6.1
2015,2014-2015,7,Matt Jones,39,14,21.7,2.2,5.3,.410,1.1,2.5,.448,1.1,2.8,.376,0.6,0.9,.714,0.9,1.5,2.3,1.0,0.9,0.1,0.7,1.7,6.0
2015,2014-2015,8,Grayson Allen,35,0,9.2,1.3,3.0,.425,0.8,1.5,.500,0.5,1.5,.346,1.3,1.5,.849,0.3,0.7,1.0,0.4,0.3,0.1,0.4,1.2,4.4
2015,2014-2015,9,Semi Ojeleye,6,0,10.5,0.8,3.0,.278,0.2,0.3,.500,0.7,2.7,.250,0.7,1.2,.571,0.5,1.8,2.3,0.2,0.5,0.0,0.0,1.8,3.0
2015,2014-2015,10,Marshall Plumlee,39,0,9.6,0.8,1.1,.762,0.8,1.1,.756,0.0,0.0,1.000,0.6,0.8,.710,1.0,1.4,2.4,0.3,0.2,0.6,0.4,1.5,2.2
2015,2014-2015,11,Nick Pagliuca,11,0,1.6,0.1,0.5,.200,0.0,0.1,.000,0.1,0.4,.250,0.0,0.0,,0.2,0.2,0.4,0.1,0.0,0.0,0.0,0.4,0.3
2015,2014-2015,12,Sean Kelly,10,0,1.2,0.0,0.1,.000,0.0,0.0,,0.0,0.1,.000,0.0,0.0,,0.0,0.0,0.0,0.2,0.0,0.0,0.0,0.0,0.0
2014,2013-2014,1,Jabari Parker,35,35,30.7,6.7,14.3,.473,5.7,11.2,.504,1.1,3.0,.358,4.6,6.1,.748,3.0,5.7,8.7,1.2,1.1,1.2,2.3,2.4,19.1
2014,2013-2014,2,Rodney Hood,35,33,32.9,5.5,11.8,.464,3.4,6.9,.494,2.0,4.8,.420,3.1,3.9,.807,0.8,3.1,3.9,2.1,0.7,0.3,1.5,2.6,16.1
2014,2013-2014,3,Quinn Cook,35,22,29.8,3.9,9.1,.432,2.1,4.1,.507,1.9,5.0,.371,1.9,2.3,.827,0.4,1.8,2.2,4.4,1.3,0.0,1.6,1.9,11.6
2014,2013-2014,4,Rasheed Sulaimon,34,17,25.6,2.9,7.2,.402,1.6,4.1,.397,1.3,3.1,.410,2.8,3.7,.768,0.5,1.9,2.4,2.4,0.8,0.0,1.1,2.2,9.9
2014,2013-2014,5,Andre Dawkins,33,4,13.7,2.5,5.7,.444,0.6,1.1,.541,1.9,4.6,.421,0.9,1.1,.811,0.2,1.1,1.3,0.4,0.5,0.2,0.5,1.3,7.9
2014,2013-2014,6,Amile Jefferson,35,26,22.7,2.7,4.2,.644,2.7,4.2,.644,0.0,0.0,,1.1,2.3,.494,2.9,4.0,6.9,1.0,0.7,0.6,0.7,2.7,6.5
2014,2013-2014,7,Tyler Thornton,35,25,21.3,0.9,2.1,.427,0.1,0.4,.333,0.8,1.7,.450,0.5,0.6,.857,0.5,1.4,1.8,2.4,1.3,0.0,0.7,2.9,3.1
2014,2013-2014,8,Matt Jones,32,4,7.3,0.5,1.6,.294,0.4,0.9,.400,0.1,0.7,.143,0.7,1.3,.561,0.3,0.5,0.8,0.2,0.3,0.0,0.1,0.8,1.8
2014,2013-2014,9,Semi Ojeleye,17,0,4.7,0.4,0.8,.500,0.2,0.4,.429,0.2,0.4,.571,0.6,0.6,.909,0.4,0.5,0.9,0.1,0.2,0.2,0.3,0.4,1.6
2014,2013-2014,10,Josh Hairston,30,9,9.5,0.6,1.2,.486,0.6,1.1,.500,0.0,0.0,.000,0.3,0.5,.643,0.7,0.6,1.3,0.4,0.1,0.1,0.3,2.2,1.4
2014,2013-2014,11,Marshall Plumlee,30,0,8.4,0.5,1.0,.552,0.5,1.0,.552,0.0,0.0,,0.2,0.6,.353,1.2,1.0,2.2,0.3,0.2,0.6,0.3,1.0,1.3
2014,2013-2014,12,Alex Murphy,5,0,6.6,0.2,1.2,.167,0.0,0.2,.000,0.2,1.0,.200,0.4,0.8,.500,0.4,0.6,1.0,0.4,0.0,0.0,0.2,0.6,1.0
2014,2013-2014,13,Nick Pagliuca,3,0,1.7,0.0,0.3,.000,0.0,0.3,.000,0.0,0.0,,0.3,0.7,.500,0.3,0.3,0.7,0.0,0.0,0.0,0.0,0.0,0.3
2014,2013-2014,14,Todd Zafirovski,3,0,1.3,0.0,0.0,,0.0,0.0,,0.0,0.0,,0.0,0.0,,0.0,0.3,0.3,0.0,0.0,0.0,0.0,0.3,0.0
2013,2012-2013,1,Seth Curry,35,35,32.3,5.6,12.1,.465,2.9,5.9,.493,2.7,6.2,.438,3.5,4.3,.809,0.6,2.0,2.5,1.5,0.9,0.2,1.2,1.7,17.5
2013,2012-2013,2,Mason Plumlee,36,36,34.7,6.1,10.3,.599,6.1,10.3,.599,0.0,0.0,,4.8,7.1,.681,2.7,7.2,9.9,1.9,1.0,1.4,2.9,2.6,17.1
2013,2012-2013,3,Ryan Kelly,23,23,28.9,4.2,9.2,.453,2.7,5.6,.473,1.5,3.6,.422,3.0,3.7,.812,1.6,3.7,5.3,1.7,0.7,1.6,1.0,2.4,12.9
2013,2012-2013,4,Quinn Cook,36,34,33.6,4.2,10.1,.416,2.7,6.2,.430,1.5,3.9,.393,1.8,2.0,.877,0.5,3.3,3.8,5.3,1.4,0.1,2.2,2.7,11.7
2013,2012-2013,5,Rasheed Sulaimon,36,33,29.2,3.8,9.0,.424,2.4,5.3,.461,1.4,3.7,.371,2.6,3.2,.802,0.5,2.9,3.4,1.9,0.8,0.1,1.3,2.2,11.6
2013,2012-2013,6,Amile Jefferson,32,7,12.7,1.6,2.9,.543,1.6,2.9,.543,0.0,0.0,,0.8,1.3,.610,1.3,1.6,2.9,0.2,0.4,0.5,0.4,1.7,4.0
2013,2012-2013,7,Tyler Thornton,36,6,22.0,1.1,2.8,.406,0.3,0.6,.455,0.9,2.2,.392,0.5,0.7,.680,0.5,1.8,2.3,2.2,1.3,0.1,1.1,2.8,3.6
2013,2012-2013,8,Josh Hairston,35,6,12.7,1.0,2.3,.450,1.0,2.3,.456,0.0,0.0,.000,0.5,0.7,.692,0.8,1.3,2.1,0.2,0.1,0.2,0.5,2.4,2.6
2013,2012-2013,9,Alex Murphy,31,0,6.3,0.9,1.8,.491,0.7,1.0,.710,0.2,0.8,.208,0.2,0.4,.417,0.3,0.7,1.0,0.0,0.2,0.1,0.4,0.6,2.1
2013,2012-2013,10,Todd Zafirovski,7,0,2.3,0.3,0.6,.500,0.3,0.6,.500,0.0,0.0,,0.1,0.6,.250,0.1,0.3,0.4,0.0,0.1,0.1,0.0,0.4,0.7
2013,2012-2013,11,Marshall Plumlee,19,0,2.6,0.1,0.4,.125,0.1,0.4,.125,0.0,0.0,,0.0,0.4,.000,0.3,0.3,0.6,0.1,0.2,0.2,0.3,0.3,0.1
2012,2011-2012,1,Austin Rivers,34,33,33.2,5.1,11.8,.433,3.4,7.1,.477,1.7,4.7,.365,3.6,5.4,.658,0.6,2.8,3.4,2.1,1.0,0.0,2.3,2.2,15.5
2012,2011-2012,2,Seth Curry,34,32,30.2,4.1,9.9,.420,2.3,5.0,.456,1.9,4.9,.383,3.0,3.5,.873,0.8,1.9,2.6,2.4,1.3,0.2,2.0,2.1,13.2
2012,2011-2012,3,Ryan Kelly,31,19,25.9,3.5,7.8,.444,2.2,4.6,.469,1.3,3.2,.408,3.6,4.5,.807,1.8,3.6,5.4,1.1,0.8,1.0,1.4,2.3,11.8
2012,2011-2012,4,Mason Plumlee,34,31,28.4,4.2,7.4,.572,4.2,7.4,.572,0.0,0.0,,2.7,5.2,.528,2.9,6.3,9.2,1.6,0.8,1.6,2.2,2.5,11.1
2012,2011-2012,5,Andre Dawkins,34,14,22.4,2.7,6.8,.400,0.7,1.7,.424,2.0,5.0,.392,1.0,1.4,.739,0.3,1.7,2.1,0.6,0.4,0.1,0.8,1.8,8.4
2012,2011-2012,6,Miles Plumlee,34,16,20.5,2.6,4.3,.610,2.6,4.3,.610,0.0,0.0,,1.4,2.2,.632,2.9,4.2,7.1,0.5,0.5,0.9,1.2,2.3,6.6
2012,2011-2012,7,Quinn Cook,33,4,11.7,1.4,3.5,.405,1.0,1.8,.550,0.4,1.7,.250,1.2,1.5,.776,0.2,0.8,1.0,1.9,0.4,0.1,0.5,0.8,4.4
2012,2011-2012,8,Tyler Thornton,34,19,21.1,1.1,3.0,.379,0.4,0.8,.462,0.8,2.3,.351,1.0,1.3,.750,0.5,1.4,1.9,2.0,0.9,0.0,1.0,2.8,4.1
2012,2011-2012,9,Josh Hairston,29,2,8.5,1.1,2.4,.449,1.1,2.3,.456,0.0,0.0,.000,0.6,0.8,.667,0.8,0.7,1.4,0.2,0.1,0.1,0.5,1.3,2.7
2012,2011-2012,10,Michael Gbinije,19,0,5.8,0.6,1.1,.550,0.4,0.5,.700,0.2,0.5,.400,0.4,0.4,1.000,0.3,0.6,0.8,0.2,0.2,0.1,0.4,1.0,1.7
2012,2011-2012,11,Todd Zafirovski,5,0,2.0,0.0,0.4,.000,0.0,0.4,.000,0.0,0.0,,0.0,0.0,,0.0,0.4,0.4,0.2,0.0,0.2,0.2,0.2,0.0
2011,2010-2011,1,Nolan Smith,37,37,34.0,7.0,15.4,.458,5.5,10.9,.501,1.5,4.4,.350,5.1,6.2,.813,1.2,3.3,4.5,5.1,1.2,0.1,3.2,1.9,20.6
2011,2010-2011,2,Kyrie Irving,11,8,27.5,5.0,9.5,.529,3.4,5.9,.569,1.6,3.5,.462,5.8,6.5,.901,0.5,2.8,3.4,4.3,1.5,0.5,2.5,2.1,17.5
2011,2010-2011,3,Kyle Singler,37,37,34.8,5.9,13.8,.430,4.2,8.5,.497,1.7,5.2,.321,3.4,4.2,.806,2.4,4.5,6.8,1.6,0.9,0.3,1.9,2.6,16.9
2011,2010-2011,4,Seth Curry,37,19,25.0,2.7,6.5,.423,1.0,2.5,.402,1.7,4.0,.435,1.8,2.3,.788,0.4,1.4,1.8,2.0,1.4,0.1,0.9,1.7,9.0
2011,2010-2011,5,Andre Dawkins,37,7,21.0,2.7,5.6,.481,1.0,1.6,.621,1.7,4.1,.427,0.9,1.2,.791,0.2,1.6,1.9,0.6,0.6,0.1,0.8,1.6,8.1
2011,2010-2011,6,Mason Plumlee,37,31,25.9,3.0,5.1,.589,3.0,5.1,.596,0.0,0.1,.000,1.1,2.5,.441,2.6,5.8,8.5,1.5,0.9,1.7,2.0,2.6,7.2
2011,2010-2011,7,Ryan Kelly,37,27,20.1,2.6,5.0,.516,2.0,3.1,.635,0.6,1.9,.319,0.9,1.1,.805,1.1,2.6,3.7,0.8,0.7,1.4,0.8,2.1,6.6
2011,2010-2011,8,Miles Plumlee,37,16,16.7,1.9,3.7,.522,1.9,3.7,.522,0.0,0.0,,0.9,1.5,.593,1.9,2.9,4.8,0.4,0.5,0.5,0.9,2.4,4.8
2011,2010-2011,9,Tyler Thornton,34,3,9.9,0.4,0.9,.448,0.3,0.4,.643,0.1,0.4,.267,0.8,0.9,.839,0.1,0.6,0.6,1.0,0.5,0.0,0.6,1.6,1.6
2011,2010-2011,10,Josh Hairston,27,0,6.1,0.5,1.3,.361,0.5,1.3,.361,0.0,0.0,,0.5,0.9,.565,0.6,0.6,1.2,0.1,0.1,0.0,0.3,1.0,1.4
2011,2010-2011,11,Casey Peters,10,0,1.7,0.0,0.0,,0.0,0.0,,0.0,0.0,,0.0,0.0,,0.0,0.3,0.3,0.0,0.1,0.0,0.0,0.0,0.0
2011,2010-2011,12,Todd Zafirovski,5,0,2.2,0.0,0.2,.000,0.0,0.2,.000,0.0,0.0,,0.0,0.0,,0.0,0.0,0.0,0.0,0.0,0.0,0.0,0.2,0.0
2010,2009-2010,1,Jon Scheyer,40,40,36.8,5.3,13.3,.399,2.6,6.1,.418,2.8,7.2,.383,4.9,5.5,.878,0.8,2.8,3.6,4.9,1.6,0.3,1.6,1.4,18.2
2010,2009-2010,2,Kyle Singler,40,40,35.9,5.7,13.8,.415,3.6,8.4,.424,2.1,5.3,.399,4.2,5.2,.798,2.3,4.8,7.0,2.4,1.0,0.8,2.0,2.2,17.7
2010,2009-2010,3,Nolan Smith,38,38,35.5,6.3,14.3,.441,4.7,10.2,.460,1.6,4.0,.392,3.2,4.2,.767,0.9,1.9,2.8,3.0,1.2,0.2,1.8,1.8,17.4
2010,2009-2010,4,Brian Zoubek,40,16,18.7,2.3,3.5,.638,2.3,3.5,.638,0.0,0.0,,1.1,2.0,.551,3.6,4.2,7.7,1.0,0.7,0.8,1.2,3.5,5.6
2010,2009-2010,5,Miles Plumlee,40,24,16.4,2.1,3.7,.561,2.1,3.7,.558,0.0,0.0,1.000,1.0,1.5,.661,1.6,3.3,4.9,0.3,0.5,0.7,1.1,2.6,5.2
2010,2009-2010,6,Lance Thomas,40,39,25.3,1.7,3.9,.439,1.7,3.9,.439,0.0,0.0,,1.4,1.9,.743,2.4,2.5,4.9,0.9,0.6,0.2,1.5,3.0,4.8
2010,2009-2010,7,Andre Dawkins,38,0,12.6,1.4,3.6,.397,0.5,1.1,.439,0.9,2.5,.379,0.7,0.9,.735,0.2,1.0,1.1,0.3,0.3,0.1,0.4,0.9,4.4
2010,2009-2010,8,Mason Plumlee,34,1,14.1,1.4,3.1,.462,1.4,2.9,.480,0.1,0.2,.250,0.7,1.4,.543,1.1,1.9,3.1,0.9,0.5,0.9,0.9,2.1,3.7
2010,2009-2010,9,Olek Czyz,6,2,10.2,1.2,2.0,.583,1.0,1.3,.750,0.2,0.7,.250,0.0,0.0,,0.7,1.3,2.0,0.8,0.3,0.0,0.5,0.7,2.5
2010,2009-2010,10,Ryan Kelly,35,0,6.5,0.5,1.3,.356,0.3,0.7,.423,0.1,0.5,.263,0.1,0.2,.667,0.2,0.9,1.1,0.4,0.2,0.4,0.2,1.0,1.2
2010,2009-2010,11,Jordan Davidson,21,0,2.6,0.0,0.2,.200,0.0,0.1,.000,0.0,0.1,.500,0.3,0.5,.600,0.1,0.1,0.2,0.1,0.0,0.0,0.1,0.3,0.4
2010,2009-2010,12,Steve Johnson,14,0,1.7,0.1,0.2,.333,0.1,0.2,.333,0.0,0.0,,0.2,0.3,.750,0.1,0.1,0.2,0.0,0.1,0.0,0.0,0.0,0.4
2010,2009-2010,13,Casey Peters,7,0,1.1,0.0,0.0,,0.0,0.0,,0.0,0.0,,0.0,0.0,,0.0,0.1,0.1,0.0,0.0,0.0,0.1,0.0,0.0
2009,2008-2009,1,Gerald Henderson,37,36,29.7,5.8,12.8,.450,4.6,9.5,.490,1.1,3.3,.336,3.9,5.1,.761,1.2,3.7,4.9,2.5,1.2,0.8,2.2,1.7,16.5
2009,2008-2009,2,Kyle Singler,37,36,32.2,5.6,12.8,.441,3.8,7.9,.476,1.9,4.9,.383,3.4,4.7,.713,3.0,4.6,7.7,2.4,1.5,1.0,2.5,2.7,16.5
2009,2008-2009,3,Jon Scheyer,37,35,32.8,3.9,9.9,.397,1.8,4.4,.411,2.1,5.5,.385,4.8,5.8,.836,1.1,2.5,3.6,2.8,1.6,0.2,1.5,1.7,14.9
2009,2008-2009,4,Nolan Smith,34,21,21.6,2.9,6.8,.426,2.1,4.5,.467,0.8,2.3,.346,1.8,2.1,.849,0.7,1.5,2.2,1.7,0.9,0.1,1.6,2.1,8.4
2009,2008-2009,5,Lance Thomas,37,16,18.6,1.9,3.1,.626,1.9,3.1,.626,0.0,0.0,,1.4,2.5,.553,1.9,1.7,3.6,0.5,0.5,0.3,0.8,2.6,5.3
2009,2008-2009,6,Greg Paulus,36,5,16.1,1.6,4.2,.373,0.5,1.1,.475,1.0,3.1,.336,0.8,1.1,.692,0.2,1.1,1.3,1.3,0.8,0.0,0.8,1.4,4.9
2009,2008-2009,7,Elliot Williams,34,12,16.6,1.6,3.7,.441,1.4,2.7,.516,0.3,1.1,.250,0.7,1.4,.500,0.9,1.4,2.3,0.7,0.6,0.0,0.9,1.7,4.2
2009,2008-2009,8,Brian Zoubek,36,17,11.9,1.7,2.9,.575,1.7,2.9,.575,0.0,0.0,,0.7,0.8,.828,1.8,1.9,3.7,0.4,0.4,0.8,0.7,2.0,4.1
2009,2008-2009,9,David McClure,36,3,15.8,0.8,1.5,.519,0.8,1.3,.563,0.0,0.2,.167,0.3,0.6,.455,1.0,2.5,3.5,1.1,0.8,0.5,0.4,1.3,1.9
2009,2008-2009,10,Miles Plumlee,24,2,6.9,0.8,1.6,.474,0.8,1.6,.474,0.0,0.0,,0.3,0.5,.545,0.5,0.9,1.4,0.0,0.2,0.5,0.8,1.5,1.8
2009,2008-2009,11,Martynas Pocius,22,2,6.1,0.5,1.8,.282,0.3,0.6,.538,0.2,1.2,.154,0.3,0.3,.857,0.2,0.4,0.6,0.3,0.3,0.0,0.5,0.6,1.5
2009,2008-2009,12,Olek Czyz,13,0,3.9,0.2,1.0,.231,0.2,0.8,.300,0.0,0.2,.000,0.2,0.5,.333,0.5,0.5,0.9,0.2,0.0,0.1,0.6,0.2,0.6
2009,2008-2009,13,Steve Johnson,4,0,2.5,0.3,0.3,1.000,0.3,0.3,1.000,0.0,0.0,,0.0,0.3,.000,,,0.3,0.0,0.0,0.0,0.0,0.5,0.5
2008,2007-2008,1,DeMarcus Nelson,34,34,30.9,5.1,10.3,.490,3.9,7.3,.532,1.2,3.0,.388,3.2,5.4,.601,1.4,4.4,5.8,2.9,1.6,0.3,2.5,2.3,14.5
2008,2007-2008,2,Kyle Singler,34,34,28.6,4.7,10.2,.457,3.2,5.8,.545,1.5,4.4,.340,2.4,3.1,.774,2.1,3.8,5.8,1.4,1.1,0.7,2.2,3.1,13.3
2008,2007-2008,3,Gerald Henderson,34,33,26.2,4.6,9.7,.474,4.0,7.8,.511,0.6,1.9,.317,3.0,4.4,.669,1.4,3.3,4.7,1.6,1.1,0.9,2.0,2.1,12.7
2008,2007-2008,4,Jon Scheyer,34,1,28.3,3.4,7.6,.444,2.0,4.1,.493,1.4,3.6,.388,3.5,4.0,.889,1.0,2.9,3.9,2.4,1.4,0.3,1.1,1.6,11.7
2008,2007-2008,5,Greg Paulus,34,33,27.7,3.5,8.2,.423,1.0,2.4,.422,2.4,5.8,.423,2.0,2.4,.827,0.4,1.8,2.1,3.2,1.5,0.1,1.6,2.5,11.4
2008,2007-2008,6,Nolan Smith,34,1,14.7,2.1,4.4,.467,1.4,2.7,.516,0.6,1.7,.386,1.2,1.5,.769,0.4,1.2,1.5,1.3,0.5,0.1,1.4,1.7,5.9
2008,2007-2008,7,Taylor King,34,0,9.7,1.9,4.5,.414,0.6,1.1,.526,1.3,3.4,.377,0.5,0.9,.586,0.7,1.3,2.0,0.4,0.3,0.4,0.6,0.9,5.5
2008,2007-2008,8,Lance Thomas,32,28,18.5,1.5,3.0,.505,1.5,3.0,.505,0.0,0.0,,1.2,2.3,.521,1.8,1.5,3.3,0.3,0.6,0.4,1.0,3.0,4.3
2008,2007-2008,9,Martynas Pocius,4,0,8.0,1.3,3.3,.385,0.8,1.3,.600,0.5,2.0,.250,1.0,1.0,1.000,1.3,1.0,2.3,1.0,0.5,0.0,0.8,0.5,4.0
2008,2007-2008,10,Brian Zoubek,25,2,10.5,1.6,2.8,.594,1.6,2.8,.594,0.0,0.0,,0.5,1.2,.448,1.6,1.9,3.4,0.5,0.4,0.7,0.8,1.7,3.8
2008,2007-2008,11,David McClure,30,4,8.9,0.5,1.1,.438,0.5,1.0,.467,0.0,0.1,.000,0.1,0.2,.286,0.5,1.4,1.9,0.4,0.4,0.2,0.4,0.9,1.0
2008,2007-2008,12,Jordan Davidson,13,0,1.5,0.2,0.4,.400,0.2,0.2,.667,0.0,0.2,.000,0.0,0.2,.000,0.0,0.0,0.0,0.2,0.1,0.0,0.2,0.2,0.3
2007,2006-2007,1,DeMarcus Nelson,33,31,31.9,5.3,11.0,.478,3.9,7.4,.535,1.3,3.7,.364,2.2,3.7,.593,1.4,4.0,5.4,2.0,1.3,0.5,2.5,2.3,14.1
2007,2006-2007,2,Josh McRoberts,33,32,35.3,5.0,9.9,.502,4.8,9.2,.523,0.2,0.7,.217,2.9,4.4,.664,2.1,5.8,7.9,3.5,1.2,2.5,2.4,2.5,13.0
2007,2006-2007,3,Jon Scheyer,33,32,33.7,3.4,8.6,.398,1.6,3.5,.444,1.8,5.1,.365,3.5,4.1,.846,1.2,2.1,3.3,1.8,1.2,0.2,1.6,1.7,12.2
2007,2006-2007,4,Greg Paulus,33,29,32.4,3.9,8.6,.456,1.9,4.1,.463,2.1,4.6,.450,1.8,2.5,.753,0.6,1.6,2.2,3.8,1.2,0.1,3.1,2.8,11.8
2007,2006-2007,5,Gerald Henderson,32,10,19.3,2.7,6.0,.451,2.5,5.3,.470,0.3,0.8,.320,1.2,1.8,.627,0.9,2.0,2.9,1.1,0.5,0.3,1.3,1.4,6.8
2007,2006-2007,6,David McClure,33,11,21.7,1.6,3.3,.491,1.5,3.1,.485,0.1,0.2,.571,0.8,1.3,.619,1.6,3.4,4.9,0.5,1.2,0.7,1.2,2.1,4.2
2007,2006-2007,7,Lance Thomas,31,18,14.9,1.5,2.6,.568,1.5,2.6,.568,0.0,0.0,,1.0,1.7,.593,1.2,1.3,2.5,0.0,0.5,0.1,1.4,2.7,4.0
2007,2006-2007,8,Brian Zoubek,32,2,7.3,1.0,2.0,.524,1.0,2.0,.524,0.0,0.0,,1.0,1.5,.667,1.0,1.3,2.2,0.2,0.1,0.3,1.2,1.2,3.1
2007,2006-2007,9,Martynas Pocius,27,0,7.1,0.7,1.6,.432,0.4,0.7,.611,0.3,1.0,.308,0.2,0.3,.857,0.1,0.4,0.6,0.3,0.1,0.0,0.7,0.9,1.9
2007,2006-2007,10,Jamal Boykin,3,0,10.0,0.7,0.7,1.000,0.7,0.7,1.000,0.0,0.0,,0.0,0.0,,1.0,3.0,4.0,0.0,0.7,1.0,0.3,1.7,1.3
2007,2006-2007,11,Jordan Davidson,11,0,1.4,0.0,0.1,.000,0.0,0.1,.000,0.0,0.0,,0.2,0.2,1.000,,,0.3,0.0,0.0,0.0,0.2,0.2,0.2
2007,2006-2007,12,Steve Johnson,3,0,1.7,0.0,0.0,,0.0,0.0,,0.0,0.0,,0.0,0.0,,0.0,0.0,0.0,0.0,0.0,0.3,0.0,0.0,0.0
2007,2006-2007,13,Joe Pagliuca,3,0,0.7,0.0,0.0,,0.0,0.0,,0.0,0.0,,0.0,0.0,,0.0,0.0,0.0,0.0,0.0,0.0,0.0,0.3,0.0
2007,2006-2007,14,Nick Sutton,1,0,2.0,0.0,0.0,,0.0,0.0,,0.0,0.0,,0.0,0.0,,0.0,0.0,0.0,0.0,0.0,0.0,0.0,0.0,0.0
2006,2005-2006,1,J.J. Redick,36,36,37.1,8.4,17.9,.470,4.5,8.7,.521,3.9,9.2,.421,6.1,7.1,.863,0.2,1.8,2.0,2.6,1.4,0.1,2.5,1.5,26.8
2006,2005-2006,2,Shelden Williams,36,36,33.3,6.6,11.4,.578,6.5,11.2,.582,0.1,0.2,.333,5.6,7.5,.744,3.3,7.4,10.7,1.1,1.7,3.8,2.5,3.2,18.8
2006,2005-2006,3,Josh McRoberts,36,31,24.5,3.2,5.3,.605,3.1,4.9,.621,0.1,0.4,.385,2.1,3.2,.664,1.7,3.6,5.3,1.5,1.1,1.3,1.4,3.0,8.7
2006,2005-2006,4,Sean Dockery,36,32,29.7,2.6,5.6,.465,1.6,3.2,.518,0.9,2.4,.395,1.0,1.4,.692,0.8,2.2,3.0,2.6,1.7,0.1,1.3,2.5,7.1
2006,2005-2006,5,DeMarcus Nelson,24,7,21.5,2.5,5.6,.452,1.5,3.1,.486,1.0,2.5,.410,1.0,1.5,.649,1.0,2.4,3.4,1.2,0.8,0.1,1.8,2.0,7.1
2006,2005-2006,6,Greg Paulus,36,33,32.3,2.0,5.4,.373,1.4,3.4,.407,0.6,1.9,.314,2.1,2.7,.784,0.4,2.4,2.8,5.2,1.6,0.0,3.3,2.2,6.7
2006,2005-2006,7,Lee Melchionni,36,5,19.9,1.8,4.9,.364,0.7,1.4,.471,1.1,3.5,.320,1.1,1.6,.667,0.8,2.5,3.2,0.9,1.0,0.1,0.7,2.1,5.7
2006,2005-2006,8,Martynas Pocius,28,0,6.1,0.6,1.2,.485,0.4,0.6,.647,0.2,0.6,.313,0.2,0.3,.625,0.1,0.2,0.3,0.5,0.3,0.0,0.4,0.7,1.5
2006,2005-2006,9,Jamal Boykin,26,0,2.7,0.3,0.7,.471,0.3,0.7,.471,0.0,0.0,,0.3,0.4,.900,0.3,0.5,0.8,0.1,0.1,0.2,0.3,0.6,1.0
2006,2005-2006,10,Eric Boateng,20,0,2.5,0.3,0.4,.857,0.3,0.4,.857,0.0,0.0,,0.1,0.1,1.000,0.2,0.4,0.6,0.1,0.1,0.0,0.3,0.6,0.7
2006,2005-2006,11,Patrick Johnson,13,0,1.8,0.2,0.2,1.000,0.2,0.2,1.000,0.0,0.0,,0.0,0.0,,0.1,0.2,0.3,0.0,0.0,0.1,0.2,0.5,0.5
2006,2005-2006,12,Ross Perkins,6,0,2.0,0.2,0.3,.500,0.0,0.2,.000,0.2,0.2,1.000,0.0,0.0,,,,0.2,0.0,0.0,0.0,0.0,0.0,0.5
2006,2005-2006,13,Jordan Davidson,10,0,1.1,0.1,0.2,.500,0.0,0.1,.000,0.1,0.1,1.000,0.0,0.0,,,,0.1,0.0,0.1,0.0,0.1,0.0,0.3
2006,2005-2006,14,Joe Pagliuca,1,0,4.0,0.0,0.0,,0.0,0.0,,0.0,0.0,,0.0,0.0,,0.0,0.0,0.0,0.0,0.0,0.0,0.0,0.0,0.0
2005,2004-2005,1,J.J. Redick,33,33,37.3,6.1,15.0,.408,2.5,5.9,.415,3.7,9.1,.403,5.9,6.3,.938,0.4,2.8,3.3,2.6,1.1,0.1,2.5,1.1,21.8
2005,2004-2005,2,Shelden Williams,33,33,33.6,5.8,9.9,.582,5.8,9.9,.582,0.0,0.0,,4.0,6.0,.662,3.8,7.3,11.2,0.9,1.3,3.7,2.6,2.9,15.5
2005,2004-2005,3,Daniel Ewing,33,32,34.5,5.5,12.8,.427,3.4,6.8,.498,2.1,6.0,.347,2.2,3.2,.692,0.7,2.5,3.2,4.0,2.0,0.4,3.0,3.0,15.3
2005,2004-2005,4,Lee Melchionni,33,14,21.7,2.4,6.0,.406,0.7,1.6,.434,1.7,4.4,.396,1.1,1.7,.643,0.8,2.5,3.4,0.9,0.7,0.2,1.1,2.1,7.7
2005,2004-2005,5,Sean Dockery,27,22,26.7,1.9,4.0,.477,1.0,2.0,.528,0.9,2.1,.429,1.5,1.9,.769,0.7,2.1,2.8,2.3,1.6,0.3,1.5,3.0,6.2
2005,2004-2005,6,DeMarcus Nelson,33,2,19.2,2.0,5.0,.400,1.5,3.6,.432,0.5,1.4,.319,1.8,3.4,.532,1.8,2.8,4.5,0.8,0.8,0.3,1.4,1.9,6.2
2005,2004-2005,7,Shavlik Randolph,29,20,18.9,1.6,4.0,.393,1.5,3.6,.413,0.1,0.4,.231,1.1,2.1,.533,1.9,2.4,4.3,0.9,1.0,1.5,1.0,3.1,4.4
2005,2004-2005,8,David McClure,25,3,7.4,0.7,1.6,.436,0.6,1.4,.444,0.0,0.1,.333,0.3,0.6,.533,0.8,0.6,1.4,0.4,0.4,0.3,0.4,0.6,1.7
2005,2004-2005,9,Reggie Love,21,4,10.2,0.7,1.5,.469,0.7,1.5,.484,0.0,0.0,.000,0.1,0.3,.429,1.4,1.3,2.7,0.5,0.6,0.2,0.5,1.9,1.6
2005,2004-2005,10,Patrick Johnson,22,1,4.0,0.1,0.2,.600,0.1,0.2,.600,0.0,0.0,,0.1,0.1,1.000,0.5,0.6,1.1,0.2,0.0,0.2,0.1,0.8,0.4
2005,2004-2005,11,Patrick Davidson,18,1,1.8,0.0,0.1,.000,0.0,0.1,.000,0.0,0.0,,0.2,0.2,1.000,,,0.2,0.1,0.0,0.0,0.0,0.2,0.2
2005,2004-2005,12,Tom Novick,2,0,,0.0,0.0,,0.0,0.0,,0.0,0.0,,0.0,0.0,,0.0,0.0,0.0,0.0,0.0,0.0,0.0,0.5,0.0
2005,2004-2005,13,Joe Pagliuca,6,0,1.2,0.0,0.2,.000,0.0,0.2,.000,0.0,0.0,,0.0,0.0,,0.0,0.0,0.0,0.0,0.0,0.0,0.0,0.0,0.0
2005,2004-2005,14,Ross Perkins,5,0,1.0,0.0,0.2,.000,0.0,0.2,.000,0.0,0.0,,0.0,0.0,,,,0.2,0.0,0.0,0.0,0.2,0.4,0.0
2004,2003-2004,1,J.J. Redick,37,35,31.1,4.6,11.0,.423,1.9,4.0,.470,2.8,7.0,.395,3.9,4.1,.953,0.7,2.4,3.1,1.6,0.7,0.1,1.9,2.1,15.9
2004,2003-2004,2,Luol Deng,37,32,31.1,5.7,11.9,.476,4.6,8.9,.515,1.1,3.0,.360,2.6,3.7,.710,2.2,4.7,6.9,1.8,1.3,1.1,2.2,2.2,15.1
2004,2003-2004,3,Daniel Ewing,37,32,30.6,4.1,9.8,.417,2.1,4.9,.423,2.0,4.9,.411,2.5,3.4,.742,1.0,1.6,2.6,1.9,1.4,0.1,1.7,2.9,12.6
2004,2003-2004,4,Shelden Williams,37,36,26.0,4.4,7.6,.586,4.4,7.4,.589,0.1,0.1,.400,3.7,5.4,.690,3.2,5.3,8.5,0.9,1.0,3.0,2.4,3.2,12.6
2004,2003-2004,5,Chris Duhon,37,37,35.4,3.7,8.3,.448,2.9,5.7,.514,0.8,2.6,.302,1.8,2.4,.722,0.8,3.2,4.1,6.1,2.2,0.2,2.8,2.1,10.0
2004,2003-2004,6,Shavlik Randolph,37,10,19.2,2.5,4.3,.591,2.5,4.0,.617,0.1,0.3,.200,1.9,2.8,.667,2.1,2.4,4.5,0.5,0.7,1.6,1.4,2.9,7.0
2004,2003-2004,7,Sean Dockery,37,2,15.4,1.2,3.0,.411,1.2,2.4,.494,0.1,0.7,.120,0.5,0.9,.515,0.6,0.8,1.4,1.3,1.5,0.0,0.7,1.7,3.0
2004,2003-2004,8,Michael Thompson,3,0,3.7,0.7,1.0,.667,0.7,1.0,.667,0.0,0.0,,1.0,1.3,.750,0.3,0.0,0.3,0.0,0.0,0.3,0.0,1.0,2.3
2004,2003-2004,9,Nick Horvath,34,1,6.4,0.6,1.3,.512,0.6,1.1,.583,0.0,0.2,.143,0.6,1.0,.576,0.8,0.7,1.5,0.2,0.2,0.3,0.2,1.1,1.9
2004,2003-2004,10,Lee Melchionni,27,0,5.4,0.5,1.2,.394,0.1,0.3,.500,0.3,0.9,.360,0.2,0.2,1.000,0.3,0.4,0.7,0.1,0.1,0.1,0.2,0.5,1.5
2004,2003-2004,11,Patrick Johnson,13,0,2.2,0.3,0.3,1.000,0.3,0.3,1.000,0.0,0.0,,0.2,0.3,.750,,,0.5,0.1,0.1,0.0,0.1,0.2,0.8
2004,2003-2004,12,Andy Borman,16,0,2.1,0.1,0.2,.667,0.1,0.1,1.000,0.1,0.1,.500,0.1,0.3,.500,,,0.2,0.3,0.1,0.0,0.3,0.1,0.4
2004,2003-2004,13,Patrick Davidson,11,0,1.7,0.0,0.3,.000,0.0,0.1,.000,0.0,0.2,.000,0.0,0.0,,,,0.1,0.0,0.1,0.0,0.1,0.0,0.0
2004,2003-2004,14,Joe Pagliuca,4,0,2.3,0.0,0.5,.000,0.0,0.3,.000,0.0,0.3,.000,0.0,0.0,,,,0.3,0.0,0.0,0.0,0.0,0.3,0.0
2003,2002-2003,1,Dahntay Jones,33,30,30.7,6.0,12.8,.470,4.6,9.2,.498,1.4,3.6,.398,4.2,5.7,.749,1.4,4.1,5.5,0.9,1.2,0.5,1.9,3.1,17.7
2003,2002-2003,2,J.J. Redick,33,30,30.7,4.5,10.9,.413,1.6,3.7,.439,2.9,7.2,.399,3.1,3.4,.919,0.6,1.9,2.5,2.0,1.2,0.1,1.6,1.7,15.0
2003,2002-2003,3,Daniel Ewing,33,15,27.9,3.8,8.9,.430,2.5,5.7,.447,1.3,3.2,.400,3.1,3.7,.821,0.7,2.5,3.2,1.4,1.3,0.2,2.0,2.4,12.0
2003,2002-2003,4,Chris Duhon,33,32,36.0,3.1,8.0,.386,2.0,4.1,.493,1.1,3.9,.273,2.0,2.9,.688,0.7,2.5,3.2,6.4,1.9,0.2,3.0,1.8,9.2
2003,2002-2003,5,Shelden Williams,33,23,19.2,2.9,5.6,.516,2.9,5.5,.519,0.0,0.0,.000,2.4,3.8,.645,2.5,3.4,5.9,0.5,0.7,1.6,1.8,3.1,8.2
2003,2002-2003,6,Shavlik Randolph,26,6,13.5,2.5,5.0,.504,2.2,4.2,.527,0.3,0.7,.368,2.2,3.2,.683,1.6,2.3,3.9,0.3,0.5,0.9,0.6,2.3,7.4
2003,2002-2003,7,Casey Sanders,33,21,17.8,1.8,3.1,.563,1.8,3.1,.563,0.0,0.0,,1.1,2.4,.474,2.4,2.9,5.2,0.4,0.5,1.6,1.2,3.1,4.6
2003,2002-2003,8,Nick Horvath,30,8,13.5,1.5,3.0,.500,1.2,1.9,.661,0.3,1.1,.235,0.6,0.9,.704,1.3,1.6,2.9,0.5,0.5,0.4,0.6,1.7,3.9
2003,2002-2003,9,Sean Dockery,33,0,10.5,1.2,2.8,.419,1.1,2.5,.427,0.1,0.3,.364,0.8,1.4,.622,0.6,0.8,1.4,1.0,1.0,0.0,1.1,1.8,3.3
2003,2002-2003,10,Michael Thompson,16,0,3.7,0.4,0.8,.538,0.4,0.8,.538,0.0,0.0,,0.4,0.4,.857,0.3,0.2,0.5,0.0,0.1,0.3,0.3,0.6,1.3
2003,2002-2003,11,Lee Melchionni,21,0,3.4,0.4,1.0,.400,0.1,0.2,.600,0.2,0.7,.333,0.0,0.1,.333,0.2,0.5,0.7,0.0,0.1,0.1,0.0,0.4,1.0
2003,2002-2003,12,Andre Buckner,19,0,1.9,0.3,0.5,.556,0.2,0.3,.667,0.1,0.2,.333,0.1,0.2,.250,0.1,0.2,0.3,0.1,0.0,0.0,0.1,0.2,0.6
2003,2002-2003,13,Patrick Johnson,5,0,1.8,0.0,0.0,,0.0,0.0,,0.0,0.0,,0.2,0.8,.250,0.0,0.0,0.0,0.2,0.0,0.0,0.0,0.4,0.2
2003,2002-2003,14,Andy Means,7,0,2.3,0.0,0.1,.000,0.0,0.1,.000,0.0,0.0,,0.1,0.3,.500,,,0.6,0.1,0.1,0.0,0.0,0.0,0.1
2002,2001-2002,1,Jay Williams,35,35,33.6,7.1,15.6,.457,4.0,7.5,.536,3.1,8.1,.383,4.0,5.9,.676,0.8,2.8,3.5,5.3,2.2,0.1,3.7,2.3,21.3
2002,2001-2002,2,Carlos Boozer,35,35,28.4,6.6,9.9,.665,6.6,9.9,.667,0.0,0.0,.000,5.1,6.7,.754,3.4,5.3,8.7,1.1,0.9,0.6,1.9,3.1,18.2
2002,2001-2002,3,Mike Dunleavy,35,35,32.4,6.2,12.9,.483,3.7,6.2,.596,2.5,6.7,.378,2.3,3.4,.681,1.3,5.9,7.2,2.1,2.3,0.7,1.7,2.3,17.3
2002,2001-2002,4,Dahntay Jones,35,32,28.9,4.4,8.7,.505,4.0,7.2,.562,0.3,1.5,.231,2.1,2.9,.725,1.6,2.6,4.2,1.1,0.8,0.5,1.7,2.9,11.2
2002,2001-2002,5,Chris Duhon,35,34,35.1,2.9,7.0,.410,1.3,2.4,.541,1.5,4.5,.340,1.7,2.4,.711,0.5,2.6,3.1,5.9,2.3,0.1,2.6,1.9,8.9
2002,2001-2002,6,Daniel Ewing,35,0,18.2,2.3,4.8,.479,1.4,2.8,.495,0.9,2.0,.457,1.0,1.5,.686,1.0,1.2,2.2,1.3,0.9,0.0,0.8,2.3,6.5
2002,2001-2002,7,Casey Sanders,31,2,7.8,0.6,1.1,.559,0.6,1.1,.559,0.0,0.0,,0.4,0.8,.480,0.7,0.9,1.6,0.2,0.2,0.5,0.5,1.4,1.6
2002,2001-2002,8,Matt Christensen,23,1,5.8,0.5,1.0,.458,0.5,1.0,.458,0.0,0.0,,0.6,0.8,.684,0.7,0.8,1.6,0.1,0.1,0.3,0.1,1.2,1.5
2002,2001-2002,9,Nick Horvath,31,1,8.0,0.5,1.5,.311,0.4,0.8,.542,0.0,0.7,.048,0.5,1.0,.500,0.6,1.5,2.1,0.3,0.2,0.5,0.7,1.3,1.5
2002,2001-2002,10,Mark Causey,12,0,3.9,0.3,0.8,.400,0.2,0.6,.286,0.2,0.3,.667,0.3,0.5,.500,0.2,0.5,0.7,0.3,0.3,0.1,0.4,0.7,1.1
2002,2001-2002,11,Andy Means,10,0,3.1,0.4,0.8,.500,0.2,0.6,.333,0.2,0.2,1.000,0.1,0.2,.500,0.5,0.5,1.0,0.1,0.2,0.0,0.3,0.3,1.1
2002,2001-2002,12,Andre Buckner,22,0,3.3,0.3,1.0,.286,0.2,0.7,.333,0.0,0.3,.167,0.3,0.5,.600,0.1,0.2,0.3,0.5,0.1,0.0,0.2,0.5,0.9
2002,2001-2002,13,Reggie Love,16,0,3.7,0.3,0.6,.400,0.3,0.6,.400,0.0,0.0,,0.4,0.8,.500,0.7,0.4,1.1,0.1,0.1,0.1,0.2,0.5,0.9
2002,2001-2002,14,Andy Borman,7,0,2.1,0.1,0.1,1.000,0.0,0.0,,0.1,0.1,1.000,0.1,0.3,.500,0.4,0.4,0.9,0.0,0.0,0.0,0.3,0.0,0.6
2001,2000-2001,1,Jay Williams,39,39,31.8,7.3,15.5,.473,3.9,7.5,.520,3.4,7.9,.427,3.6,5.4,.659,0.8,2.5,3.3,6.1,2.0,0.1,3.9,2.2,21.6
2001,2000-2001,2,Shane Battier,39,39,34.9,6.4,13.7,.471,3.3,6.1,.536,3.2,7.6,.419,3.9,4.9,.796,2.4,4.9,7.3,1.8,2.1,2.3,1.5,2.1,19.9
2001,2000-2001,3,Carlos Boozer,32,28,25.6,5.0,8.3,.604,5.0,8.3,.604,0.0,0.0,,3.3,4.6,.719,1.9,4.6,6.5,1.3,0.9,0.9,1.2,2.8,13.3
2001,2000-2001,4,Mike Dunleavy,39,39,29.2,4.7,9.9,.474,3.3,6.0,.540,1.5,3.9,.373,1.7,2.5,.694,1.7,3.9,5.7,2.6,1.4,0.4,2.1,2.1,12.6
2001,2000-2001,5,Nate James,39,29,27.8,4.1,8.4,.494,3.0,4.8,.624,1.1,3.5,.314,2.9,3.7,.799,2.3,2.9,5.2,1.1,1.6,0.2,1.6,2.0,12.3
2001,2000-2001,6,Chris Duhon,39,10,27.8,2.4,5.6,.424,1.2,2.4,.505,1.1,3.1,.361,1.3,2.1,.650,1.0,2.2,3.2,4.5,2.0,0.0,1.6,1.7,7.2
2001,2000-2001,7,Andre Sweet,7,0,11.3,1.9,3.9,.481,1.7,3.1,.545,0.1,0.7,.200,0.3,0.9,.333,1.1,1.4,2.6,0.6,0.9,0.1,0.6,0.9,4.1
2001,2000-2001,8,Nick Horvath,6,0,9.0,1.2,3.8,.304,0.8,1.8,.455,0.3,2.0,.167,0.2,0.2,1.000,1.3,1.0,2.3,0.5,0.3,0.5,0.8,1.3,2.8
2001,2000-2001,9,Casey Sanders,35,11,10.7,0.8,1.7,.467,0.8,1.7,.467,0.0,0.0,,0.9,1.7,.517,1.0,0.8,1.8,0.2,0.1,0.9,0.6,2.1,2.5
2001,2000-2001,10,Matt Christensen,30,0,8.4,0.6,1.0,.586,0.6,1.0,.586,0.0,0.0,,0.5,1.1,.438,1.1,1.2,2.3,0.1,0.3,0.3,0.5,2.1,1.6
2001,2000-2001,11,Reggie Love,21,0,6.2,0.4,0.8,.529,0.4,0.8,.563,0.0,0.0,.000,0.5,0.8,.588,0.7,0.9,1.6,0.1,0.2,0.3,0.3,1.0,1.3
2001,2000-2001,12,Andy Borman,7,0,2.4,0.3,0.7,.400,0.1,0.3,.500,0.1,0.4,.333,0.1,0.1,1.000,0.1,0.1,0.3,0.1,0.0,0.0,0.3,0.1,0.9
2001,2000-2001,13,J.D. Simpson,22,0,3.2,0.3,0.8,.333,0.1,0.4,.375,0.1,0.5,.300,0.2,0.4,.625,0.1,0.4,0.5,0.2,0.0,0.0,0.3,0.1,0.9
2001,2000-2001,14,Andre Buckner,23,0,3.6,0.1,0.5,.167,0.1,0.4,.222,0.0,0.1,.000,0.0,0.2,.250,0.1,0.3,0.4,0.3,0.2,0.0,0.6,0.2,0.2
2001,2000-2001,15,Ryan Caldbeck,13,0,2.7,0.0,0.5,.000,0.0,0.1,.000,0.0,0.5,.000,0.1,0.2,.333,,,0.5,0.2,0.0,0.0,0.0,0.1,0.1
2000,1999-2000,1,Shane Battier,34,34,35.5,5.6,11.3,.496,3.3,6.0,.541,2.3,5.2,.444,3.9,4.8,.817,,,5.6,2.1,2.0,2.1,1.3,2.1,17.4
2000,1999-2000,2,Chris Carrawell,34,34,35.6,6.0,12.4,.486,5.2,10.1,.510,0.9,2.3,.377,4.0,5.2,.778,,,6.1,3.2,1.0,1.1,2.0,1.7,16.9
2000,1999-2000,3,Jay Williams,34,34,34.0,5.3,12.6,.419,3.1,6.5,.480,2.1,6.1,.354,1.8,2.6,.685,,,4.2,6.5,2.4,0.2,4.1,2.5,14.5
2000,1999-2000,4,Carlos Boozer,34,30,23.7,4.8,7.9,.614,4.8,7.9,.614,0.0,0.0,,3.4,4.6,.742,,,6.3,1.1,1.1,0.7,1.6,2.6,13.0
2000,1999-2000,5,Nate James,34,33,28.5,4.0,8.5,.469,2.6,4.9,.536,1.4,3.6,.377,1.6,2.3,.714,,,4.5,1.9,1.4,0.2,1.9,2.1,11.0
2000,1999-2000,6,Mike Dunleavy,30,2,24.1,3.2,7.0,.460,2.1,3.8,.553,1.1,3.2,.351,1.5,2.0,.738,,,4.3,1.7,1.1,0.5,2.0,1.8,9.1
2000,1999-2000,7,Nick Horvath,32,1,8.4,1.1,2.4,.474,0.6,0.8,.692,0.6,1.6,.360,0.4,0.6,.778,,,1.8,0.3,0.4,0.2,0.4,1.3,3.3
2000,1999-2000,8,Matt Christensen,31,2,9.5,0.6,1.6,.392,0.6,1.6,.392,0.0,0.0,,0.7,1.2,.583,,,2.3,0.3,0.2,0.4,0.4,1.7,2.0
2000,1999-2000,9,Casey Sanders,25,0,5.8,0.5,1.0,.500,0.5,1.0,.500,0.0,0.0,,0.9,1.4,.647,,,1.2,0.0,0.2,0.7,0.4,0.8,1.8
2000,1999-2000,10,Andre Buckner,20,0,3.4,0.2,0.3,.500,0.0,0.1,.000,0.2,0.2,.750,0.5,0.9,.588,,,0.5,0.4,0.3,0.0,0.1,0.3,1.0
2000,1999-2000,11,Ryan Caldbeck,8,0,1.9,0.1,0.6,.200,0.0,0.3,.000,0.1,0.4,.333,0.3,0.5,.500,,,0.3,0.0,0.1,0.0,0.0,0.0,0.6
2000,1999-2000,12,J.D. Simpson,17,0,2.7,0.1,0.6,.200,0.1,0.3,.200,0.1,0.3,.200,0.1,0.1,1.000,0.1,0.1,0.2,0.2,0.2,0.0,0.2,0.3,0.4
2000,1999-2000,13,Andy Borman,10,0,1.3,0.0,0.0,,0.0,0.0,,0.0,0.0,,0.0,0.0,,,,0.1,0.0,0.0,0.0,0.0,0.3,0.0
1999,1998-1999,1,Elton Brand,39,37,29.3,6.5,10.5,.620,6.5,10.5,.620,0.0,0.0,,4.6,6.6,.707,,,9.8,1.1,1.3,2.2,1.7,2.5,17.7
1999,1998-1999,2,Trajan Langdon,36,36,31.0,5.3,11.5,.462,2.2,4.4,.497,3.1,7.1,.441,3.6,4.2,.842,,,3.4,1.9,1.4,0.1,1.8,2.3,17.3
1999,1998-1999,3,William Avery,39,39,31.0,5.2,10.4,.495,3.2,5.7,.566,1.9,4.7,.411,2.6,3.2,.810,,,3.5,5.0,1.5,0.0,2.6,2.2,14.9
1999,1998-1999,4,Corey Maggette,39,3,17.7,3.5,6.7,.525,2.8,4.5,.610,0.7,2.2,.345,2.8,4.0,.716,,,3.9,1.5,0.7,0.4,2.1,2.5,10.6
1999,1998-1999,5,Chris Carrawell,39,38,28.6,3.7,8.1,.454,3.2,6.7,.477,0.5,1.4,.345,2.0,3.5,.577,,,4.8,3.3,0.8,0.9,2.2,1.8,9.9
1999,1998-1999,6,Shane Battier,37,27,23.8,3.1,5.6,.545,2.0,3.1,.652,1.1,2.5,.415,1.9,2.6,.724,,,4.9,1.5,1.8,1.2,0.9,2.1,9.1
1999,1998-1999,7,Chris Burgess,39,14,15.6,2.2,3.6,.614,2.2,3.5,.618,0.1,0.1,.500,1.0,1.8,.543,,,3.9,0.8,0.6,0.9,0.9,2.0,5.4
1999,1998-1999,8,Nate James,39,1,14.7,1.8,3.9,.454,1.4,2.6,.540,0.4,1.3,.288,1.1,1.7,.662,,,2.6,0.9,0.7,0.2,1.4,1.3,5.0
1999,1998-1999,9,Taymon Domzalski,30,1,9.9,1.3,2.4,.534,1.3,2.4,.534,0.0,0.0,,1.2,1.7,.712,,,3.0,0.3,0.5,0.7,0.8,1.8,3.8
1999,1998-1999,10,D Bryant,13,0,2.4,0.2,0.7,.333,0.2,0.5,.333,0.1,0.2,.333,0.1,0.3,.250,,,0.2,0.2,0.1,0.0,0.2,0.2,0.6
1999,1998-1999,11,Justin Caldbeck,20,0,2.5,0.2,0.5,.300,0.2,0.5,.300,0.0,0.0,,0.1,0.3,.167,,,0.6,0.2,0.1,0.1,0.2,0.2,0.4
1999,1998-1999,12,J.D. Simpson,26,0,3.1,0.0,0.3,.125,0.0,0.1,.500,0.0,0.2,.000,0.3,0.5,.571,,,0.3,0.2,0.0,0.0,0.3,0.2,0.4
1999,1998-1999,13,Ryan Caldbeck,12,0,1.9,0.1,0.3,.333,0.1,0.1,1.000,0.0,0.2,.000,0.0,0.0,,,,0.3,0.0,0.0,0.0,0.1,0.2,0.2
1999,1998-1999,14,Jay Heaps,1,0,10.0,0.0,0.0,,0.0,0.0,,0.0,0.0,,0.0,0.0,,,,2.0,2.0,1.0,1.0,2.0,0.0,0.0
1998,1997-1998,1,Roshown McLeod,36,27,23.7,5.4,11.0,.494,4.2,8.1,.524,1.2,3.0,.411,3.1,4.4,.706,1.8,3.8,5.6,1.4,1.2,0.7,1.9,2.8,15.3
1998,1997-1998,2,Trajan Langdon,36,36,28.8,4.8,10.7,.444,2.4,4.7,.506,2.4,6.0,.395,2.8,3.2,.886,0.8,2.1,2.9,1.9,0.6,0.2,1.6,2.1,14.7
1998,1997-1998,3,Elton Brand,21,18,23.5,4.8,8.0,.592,4.8,8.0,.592,0.0,0.0,,3.9,6.4,.604,3.6,3.7,7.3,0.5,1.5,1.3,1.6,2.5,13.4
1998,1997-1998,4,Chris Carrawell,32,10,22.2,3.8,7.8,.482,3.3,6.7,.502,0.4,1.2,.368,2.1,3.2,.641,1.7,2.0,3.7,1.1,0.6,0.7,1.5,1.2,10.1
1998,1997-1998,5,William Avery,35,0,19.3,2.9,6.8,.427,2.0,3.7,.534,0.9,3.1,.296,1.7,2.3,.744,0.6,1.3,2.0,2.5,1.0,0.0,1.7,1.5,8.5
1998,1997-1998,6,Shane Battier,36,20,24.6,2.7,4.9,.539,2.6,4.3,.597,0.1,0.7,.167,2.2,3.0,.731,2.5,3.9,6.4,1.1,1.4,1.5,0.7,1.9,7.6
1998,1997-1998,7,Mike Chappell,36,21,14.4,2.5,5.4,.464,1.5,3.1,.487,1.0,2.3,.434,1.1,1.8,.609,0.7,1.3,2.0,0.6,0.5,0.1,0.8,2.1,7.1
1998,1997-1998,8,Steve Wojciechowski,36,36,27.4,1.9,5.0,.387,0.4,1.2,.381,1.5,3.9,.388,1.3,1.8,.734,0.7,1.7,2.4,4.6,2.1,0.0,1.8,2.2,6.7
1998,1997-1998,9,Chris Burgess,36,3,12.6,1.8,3.5,.508,1.8,3.4,.521,0.0,0.1,.200,0.7,2.1,.338,1.4,1.8,3.2,0.5,0.6,0.6,0.7,1.3,4.3
1998,1997-1998,10,Nate James,6,0,6.8,1.0,2.3,.429,0.7,1.7,.400,0.3,0.7,.500,1.2,1.5,.778,1.2,0.3,1.5,0.0,0.7,0.2,1.0,0.8,3.5
1998,1997-1998,11,Taymon Domzalski,26,8,9.9,1.3,2.3,.567,1.3,2.3,.567,0.0,0.0,,0.5,0.8,.571,1.1,1.7,2.8,0.0,0.3,0.5,0.5,1.9,3.1
1998,1997-1998,12,Ricky Price,21,1,8.0,1.0,3.0,.355,1.0,2.4,.420,0.0,0.6,.083,0.5,0.8,.647,0.3,0.8,1.1,0.6,0.4,0.0,0.4,0.8,2.7
1998,1997-1998,13,Todd Singleton,19,0,2.4,0.3,0.5,.556,0.3,0.5,.556,0.0,0.0,,0.2,0.3,.600,0.2,0.5,0.6,0.2,0.1,0.1,0.2,0.2,0.7
1998,1997-1998,14,Jay Heaps,12,0,1.8,0.1,0.1,1.000,0.1,0.1,1.000,0.0,0.0,,0.1,0.2,.500,0.3,0.1,0.3,0.3,0.3,0.0,0.1,0.1,0.3
1998,1997-1998,15,J.D. Simpson,15,0,1.9,0.1,0.7,.200,0.1,0.4,.333,0.0,0.3,.000,0.0,0.0,,0.1,0.2,0.3,0.1,0.0,0.0,0.1,0.1,0.3
1997,1996-1997,1,Trajan Langdon,33,33,29.5,4.2,9.3,.445,1.5,3.4,.451,2.6,5.9,.441,3.4,3.8,.897,,,2.9,2.1,1.0,0.3,1.5,1.7,14.3
1997,1996-1997,2,Jeff Capel,33,18,26.7,4.3,9.4,.460,2.7,5.8,.474,1.6,3.6,.437,2.2,3.5,.621,,,2.8,2.6,1.0,0.2,2.2,2.1,12.4
1997,1996-1997,3,Roshown McLeod,33,30,24.2,4.3,8.8,.490,3.5,6.6,.528,0.8,2.2,.375,2.5,3.1,.794,,,5.3,0.9,0.9,1.0,1.7,3.2,11.9
1997,1996-1997,4,Greg Newton,30,22,22.9,3.7,6.6,.563,3.7,6.6,.563,0.0,0.0,,3.0,4.4,.674,,,6.1,0.6,0.9,1.1,1.2,2.2,10.4
1997,1996-1997,5,Ricky Price,33,11,21.4,3.2,8.2,.394,2.2,4.9,.460,1.0,3.3,.296,2.0,3.0,.663,,,2.7,0.8,0.7,0.2,1.4,1.8,9.4
1997,1996-1997,6,Steve Wojciechowski,33,33,31.3,2.0,4.5,.443,0.8,1.4,.556,1.2,3.2,.394,1.7,2.2,.767,,,3.0,5.3,2.5,0.0,1.8,2.5,6.9
1997,1996-1997,7,Chris Carrawell,31,12,16.2,2.3,4.0,.576,2.3,4.0,.585,0.0,0.1,.000,0.9,1.5,.574,,,3.1,1.1,0.7,0.7,0.9,1.3,5.5
1997,1996-1997,8,Mike Chappell,32,2,12.0,1.6,4.6,.356,0.9,2.3,.384,0.8,2.3,.329,0.6,1.2,.462,,,1.7,0.5,0.3,0.1,0.8,1.1,4.6
1997,1996-1997,9,Carmen Wallace,30,3,12.1,1.1,2.6,.429,0.7,1.7,.423,0.4,0.8,.440,0.6,0.9,.731,,,1.8,0.1,0.5,0.3,0.7,2.0,3.2
1997,1996-1997,10,Nate James,17,1,8.5,0.9,2.1,.417,0.6,1.2,.500,0.3,0.9,.313,0.6,1.2,.550,,,2.0,0.5,0.5,0.2,0.8,0.9,2.7
1997,1996-1997,11,Taymon Domzalski,13,0,8.6,0.9,1.5,.632,0.9,1.5,.632,0.0,0.0,,0.3,0.6,.500,,,1.5,0.1,0.1,0.5,0.5,2.0,2.2
1997,1996-1997,12,Todd Singleton,8,0,3.5,0.6,1.3,.500,0.6,1.3,.500,0.0,0.0,,0.3,0.8,.333,,,0.3,0.3,0.0,0.3,,1.0,1.5
1997,1996-1997,13,Justin Caldbeck,8,0,2.6,0.3,0.4,.667,0.3,0.4,.667,0.0,0.0,,0.3,0.3,1.000,,,0.4,0.0,0.0,0.0,0.1,0.1,0.8
1997,1996-1997,14,Jay Heaps,8,0,2.6,0.0,0.0,,0.0,0.0,,0.0,0.0,,0.3,0.8,.333,,,0.0,0.4,0.1,0.0,0.4,0.4,0.3
1996,1995-1996,1,Jeff Capel,31,31,35.0,6.0,15.9,.376,3.6,8.7,.413,2.4,7.1,.330,2.3,3.0,.763,,,3.9,3.7,0.8,0.2,2.4,2.3,16.6
1996,1995-1996,2,Chris Collins,29,29,34.6,5.3,11.4,.467,2.6,5.3,.497,2.7,6.2,.441,2.9,4.0,.722,,,3.8,4.6,1.3,0.1,2.5,2.0,16.3
1996,1995-1996,3,Ricky Price,31,29,31.9,5.3,12.1,.439,3.9,8.5,.458,1.4,3.6,.393,2.2,3.1,.711,,,3.5,1.5,0.6,0.2,2.8,2.6,14.2
1996,1995-1996,4,Greg Newton,31,31,29.6,4.8,8.5,.568,4.8,8.5,.568,0.0,0.0,,2.5,4.3,.590,,,8.2,0.5,0.9,1.6,1.6,3.1,12.2
1996,1995-1996,5,Taymon Domzalski,31,18,20.5,2.2,4.5,.493,2.2,4.5,.493,0.0,0.0,,2.0,2.5,.818,,,5.0,0.2,0.6,0.7,1.3,3.6,6.5
1996,1995-1996,6,Carmen Wallace,22,8,20.7,2.1,4.9,.430,1.5,3.4,.427,0.6,1.5,.438,1.1,1.4,.806,,,2.8,1.0,0.9,0.6,0.9,1.9,6.0
1996,1995-1996,7,Tony Moore,7,5,24.6,2.4,4.1,.586,2.4,4.1,.586,0.0,0.0,,0.3,0.9,.333,,,4.0,1.1,0.6,0.9,1.6,2.9,5.1
1996,1995-1996,8,Steve Wojciechowski,31,4,21.8,0.9,2.7,.318,0.3,0.5,.471,0.6,2.2,.279,1.0,1.4,.762,,,2.1,2.7,0.9,0.0,1.2,2.3,3.4
1996,1995-1996,9,Matt Christensen,13,0,5.4,0.5,0.9,.500,0.5,0.9,.500,0.0,0.0,,0.5,1.2,.400,,,1.0,0.0,0.1,0.7,0.3,0.2,1.4
1996,1995-1996,10,Baker Perry,5,0,0.8,0.4,0.4,1.000,0.2,0.2,1.000,0.2,0.2,1.000,0.2,0.2,1.000,,,0.2,0.0,0.0,0.0,0.0,0.2,1.2
1996,1995-1996,11,Todd Singleton,13,0,1.8,0.2,0.5,.500,0.2,0.5,.500,0.0,0.0,,0.4,0.5,.833,,,0.1,0.1,0.0,0.0,0.1,0.0,0.8
1996,1995-1996,12,Stan Brunson,21,0,9.1,0.2,0.8,.250,0.2,0.8,.250,0.0,0.0,,0.3,0.6,.583,,,2.2,0.1,0.1,0.0,0.6,1.6,0.7
1996,1995-1996,13,Jay Heaps,6,0,2.5,0.2,0.8,.200,0.0,0.5,.000,0.2,0.3,.500,0.0,0.3,.000,,,0.2,1.2,0.3,0.0,0.3,1.2,0.5
1996,1995-1996,14,Jeremy Hall,10,0,1.3,0.1,0.2,.500,0.1,0.2,.500,0.0,0.0,,0.2,0.2,1.000,,,0.1,0.1,0.0,0.0,0.0,0.0,0.4
1995,1994-1995,1,Cherokee Parks,31,31,35.2,7.2,14.3,.501,6.2,11.5,.534,1.0,2.7,.365,3.7,4.7,.776,,,9.3,1.5,0.8,1.8,2.0,2.2,19.0
1995,1994-1995,2,Jeff Capel,31,29,29.4,4.6,10.4,.446,2.6,6.0,.435,2.0,4.4,.460,1.2,1.8,.643,,,2.7,4.1,1.0,0.2,3.6,2.2,12.5
1995,1994-1995,3,Trajan Langdon,31,24,25.7,4.0,8.8,.453,2.1,4.4,.478,1.9,4.5,.428,1.4,1.8,.786,,,2.1,1.5,0.4,0.1,1.2,2.2,11.3
1995,1994-1995,4,Erik Meek,31,30,28.7,3.8,6.1,.621,3.8,6.1,.621,0.0,0.0,,2.7,4.6,.580,,,8.3,0.8,0.9,1.2,1.6,3.3,10.3
1995,1994-1995,5,Ricky Price,27,14,24.0,3.3,7.0,.474,2.9,5.5,.517,0.5,1.5,.317,1.0,1.5,.675,,,3.3,1.0,0.9,0.2,1.3,1.6,8.1
1995,1994-1995,6,Kenneth Blakeney,27,8,17.9,1.9,4.3,.440,1.4,3.0,.469,0.5,1.3,.371,1.2,1.9,.615,,,1.7,2.2,0.4,0.1,1.7,1.7,5.4
1995,1994-1995,7,Greg Newton,25,0,11.4,1.6,2.5,.661,1.6,2.5,.661,0.0,0.0,,0.7,1.4,.472,,,3.4,0.2,0.3,0.6,0.7,2.0,4.0
1995,1994-1995,8,Steve Wojciechowski,28,15,19.3,1.3,3.6,.343,0.3,0.9,.308,1.0,2.7,.355,0.5,0.9,.577,,,1.4,2.9,0.6,0.0,1.5,1.9,4.0
1995,1994-1995,9,Chris Collins,28,3,16.1,1.3,4.3,.298,0.7,1.7,.396,0.6,2.6,.233,0.7,0.9,.769,,,1.1,1.7,0.5,0.0,1.0,1.7,3.9
1995,1994-1995,10,Tony Moore,19,1,7.3,0.8,1.3,.667,0.8,1.3,.667,0.0,0.0,,1.1,1.4,.741,,,2.1,0.5,0.1,0.5,0.4,1.0,2.7
1995,1994-1995,11,Carmen Wallace,13,0,4.9,0.7,1.4,.500,0.5,1.0,.538,0.2,0.4,.400,0.4,0.5,.714,,,1.1,0.2,0.1,0.2,0.4,0.5,1.9
1995,1994-1995,12,Todd Singleton,2,0,1.5,0.0,0.5,.000,0.0,0.5,.000,0.0,0.0,,0.0,0.0,,,,0.0,0.0,0.0,0.0,0.0,0.0,0.0
